rut_completo,razon_social,n_trabajadores,comuna,region,subrubro,encaje_probable,por_que_encaja,web,linkedin_empresa,decisor_nombre,decisor_cargo,decisor_linkedin,telefono_publico,senal_dolor,confianza,fuente_url
65075277-5,FUNDACION EDUCACIONAL COLEGIO SAN FRANCISCO JAVIER DE CERRO NAVIA,150,CERRO NAVIA,XIII REGION METROPOLITANA,"ENSEÑANZA PREESCOLAR, PRIMARIA, SECUNDARIA CIENTIFICO HUMANISTA Y TECNICO PROFESIONAL",alto,"Educación: la temporada de admisión y matrícula concentra cientos de consultas idénticas sobre vacantes, aranceles y documentos.",,,,,,,,baja,
77921880-5,SENIORS GESTION DE ENFERMERIA SPA,150,LAS CONDES,XIII REGION METROPOLITANA,OTRAS ACTIVIDADES DE ATENCION DE LA SALUD HUMANA,alto,"Salud ambulatoria (ICP 3): 'cuánto cuesta', '¿atienden mi isapre?', '¿hay hora para…?' todo el día. OJO — filtro duro del ICP: si ya usa AgendaPro, Reservo o Dentalink con WhatsApp activo, se descarta; el dolor ya está resuelto. Preguntarlo en la llamada.",,,,,,,,baja,
78289760-8,SOC EDUCACIONAL ACEVAL GONZALEZ LTDA,150,MACUL,XIII REGION METROPOLITANA,"ENSEÑANZA PREESCOLAR, PRIMARIA, SECUNDARIA CIENTIFICO HUMANISTA Y TECNICO PROFESIONAL",alto,"Educación: la temporada de admisión y matrícula concentra cientos de consultas idénticas sobre vacantes, aranceles y documentos.",,,,,,,,baja,
81314900-1,SAINT JOHN S VILLA ACADEMY,150,LA REINA,XIII REGION METROPOLITANA,"ENSEÑANZA PREESCOLAR, PRIMARIA, SECUNDARIA CIENTIFICO HUMANISTA Y TECNICO PROFESIONAL",alto,"Educación: la temporada de admisión y matrícula concentra cientos de consultas idénticas sobre vacantes, aranceles y documentos.",,,,,,,,baja,
99598070-3,SOCIEDAD ONCOVIDA S.A.,150,PROVIDENCIA,XIII REGION METROPOLITANA,ACTIVIDADES DE MEDICOS Y ODONTOLOGOS,alto,"Salud ambulatoria (ICP 3): 'cuánto cuesta', '¿atienden mi isapre?', '¿hay hora para…?' todo el día. OJO — filtro duro del ICP: si ya usa AgendaPro, Reservo o Dentalink con WhatsApp activo, se descarta; el dolor ya está resuelto. Preguntarlo en la llamada.",,,,,,,,baja,
65134782-3,CORPORACION EDUCACIONAL ECHAURREN,148,EST CENTRAL,XIII REGION METROPOLITANA,"ENSEÑANZA PREESCOLAR, PRIMARIA, SECUNDARIA CIENTIFICO HUMANISTA Y TECNICO PROFESIONAL",alto,"Educación: la temporada de admisión y matrícula concentra cientos de consultas idénticas sobre vacantes, aranceles y documentos.",,,,,,,,baja,
77312650-K,INMOBILIARIA JONES LANG LASALLE LIMITADA,148,PROVIDENCIA,XIII REGION METROPOLITANA,ACTIVIDADES INMOBILIARIAS REALIZADAS A CAMBIO DE UNA RETRIBUCION O POR CONTRATA,alto,"Corretaje (la mejor apuesta según la investigación de nichos): responder en menos de 5 minutos multiplica ~100x la probabilidad de contacto, y la de cierre cae ~50% por cada 30 minutos de demora. El corredor está en visitas la mitad del día. Ticket enorme: una comisión paga años de servicio. Apuntar a corredoras de 1-5 personas, no a las grandes con TI.",,,,,,,,baja,
77244621-7,NURSE SERVICE SPA,147,PROVIDENCIA,XIII REGION METROPOLITANA,OTRAS ACTIVIDADES DE ATENCION DE LA SALUD HUMANA,alto,"Salud ambulatoria (ICP 3): 'cuánto cuesta', '¿atienden mi isapre?', '¿hay hora para…?' todo el día. OJO — filtro duro del ICP: si ya usa AgendaPro, Reservo o Dentalink con WhatsApp activo, se descarta; el dolor ya está resuelto. Preguntarlo en la llamada.",,,,,,,,baja,
96989380-0,HOTELERA DON VICENTE S A,147,LAS CONDES,XIII REGION METROPOLITANA,ACTIVIDADES DE ALOJAMIENTO PARA ESTANCIAS CORTAS,alto,"Alojamiento y arriendo turístico (el #2 de la investigación y el mejor primer win): operan literalmente por WhatsApp, el incumbente es casi nulo y el build es el más simple. Disponibilidad, tarifas y reglas son la conversación entera, y llega a toda hora. Ojo con la estacionalidad: el dolor se siente en verano y Fiestas Patrias.",,,,,,,,baja,
65073010-0,CORP EDUCACION Y SALUD PARA EL SINDROME DE DOWN,145,SAN BERNARDO,XIII REGION METROPOLITANA,ACTIVIDADES DE MEDICOS Y ODONTOLOGOS,alto,"Salud ambulatoria (ICP 3): 'cuánto cuesta', '¿atienden mi isapre?', '¿hay hora para…?' todo el día. OJO — filtro duro del ICP: si ya usa AgendaPro, Reservo o Dentalink con WhatsApp activo, se descarta; el dolor ya está resuelto. Preguntarlo en la llamada.",,,,,,,,baja,
65153192-6,CORPORACIÓN EDUCACIONAL LOS ALERCES,145,SANTIAGO,XIII REGION METROPOLITANA,"ENSEÑANZA PREESCOLAR, PRIMARIA, SECUNDARIA CIENTIFICO HUMANISTA Y TECNICO PROFESIONAL",alto,"Educación: la temporada de admisión y matrícula concentra cientos de consultas idénticas sobre vacantes, aranceles y documentos.",,,,,,,,baja,
71178900-6,FUND PADRE SEMERIA,145,LA PINTANA,XIII REGION METROPOLITANA,OTRAS ACTIVIDADES DE ALOJAMIENTO,alto,"Alojamiento y arriendo turístico (el #2 de la investigación y el mejor primer win): operan literalmente por WhatsApp, el incumbente es casi nulo y el build es el más simple. Disponibilidad, tarifas y reglas son la conversación entera, y llega a toda hora. Ojo con la estacionalidad: el dolor se siente en verano y Fiestas Patrias.",,,,,,,,baja,
76251926-7,SANTIAGO AIRPORT HOTEL SPA,145,PUDAHUEL,XIII REGION METROPOLITANA,ACTIVIDADES DE ALOJAMIENTO PARA ESTANCIAS CORTAS,alto,"Alojamiento y arriendo turístico (el #2 de la investigación y el mejor primer win): operan literalmente por WhatsApp, el incumbente es casi nulo y el build es el más simple. Disponibilidad, tarifas y reglas son la conversación entera, y llega a toda hora. Ojo con la estacionalidad: el dolor se siente en verano y Fiestas Patrias.",,,,,,,,baja,
76937033-1,PREUNIVERSITARIO PEDRO DE VALDIVIA - NORTE LIMITADA,145,LAS CONDES,XIII REGION METROPOLITANA,OTROS TIPOS DE ENSEÑANZA,alto,"Educación: la temporada de admisión y matrícula concentra cientos de consultas idénticas sobre vacantes, aranceles y documentos.",,,,,,,,baja,
65148816-8,CORPORACION EDUCACIONAL COLEGIO IBEROAMERICANO,144,LA PINTANA,XIII REGION METROPOLITANA,"ENSEÑANZA PREESCOLAR, PRIMARIA, SECUNDARIA CIENTIFICO HUMANISTA Y TECNICO PROFESIONAL",alto,"Educación: la temporada de admisión y matrícula concentra cientos de consultas idénticas sobre vacantes, aranceles y documentos.",,,,,,,,baja,
76179048-K,PUNTOMASCOTAS SPA,144,NUNOA,XIII REGION METROPOLITANA,ACTIVIDADES VETERINARIAS,alto,"Veterinaria: agenda, vacunas y precios preguntados una y otra vez.",,,,,,,,baja,
79606430-7,VIVIPRA SPA,144,SAN BERNARDO,XIII REGION METROPOLITANA,VENTA DE VEHICULOS AUTOMOTORES,alto,"Venta de repuestos: cotización por modelo y año, la misma consulta cien veces al día, con lista de precios propia. Es el perfil de la reunión que ya se consiguió (KTM) y funciona como el ICP 1 (distribuidora que cotiza), no como taller.",,,,,,,,baja,
65145131-0,CORPORACION EDUCACIONAL KING SCHOOL CORDILLERA,143,LA PINTANA,XIII REGION METROPOLITANA,"ENSEÑANZA PREESCOLAR, PRIMARIA, SECUNDARIA CIENTIFICO HUMANISTA Y TECNICO PROFESIONAL",alto,"Educación: la temporada de admisión y matrícula concentra cientos de consultas idénticas sobre vacantes, aranceles y documentos.",,,,,,,,baja,
65149061-8,CORPORACION EDUCACIONAL NIOBE S. NORMALISTA Y LUIS D. FUNDADORES,143,LA PINTANA,XIII REGION METROPOLITANA,"ENSEÑANZA PREESCOLAR, PRIMARIA, SECUNDARIA CIENTIFICO HUMANISTA Y TECNICO PROFESIONAL",alto,"Educación: la temporada de admisión y matrícula concentra cientos de consultas idénticas sobre vacantes, aranceles y documentos.",,,,,,,,baja,
65158588-0,FUNDACION EDUCACIONAL ALCANTARA PEÑALOLEN,143,PENALOLEN,XIII REGION METROPOLITANA,"ENSEÑANZA PREESCOLAR, PRIMARIA, SECUNDARIA CIENTIFICO HUMANISTA Y TECNICO PROFESIONAL",alto,"Educación: la temporada de admisión y matrícula concentra cientos de consultas idénticas sobre vacantes, aranceles y documentos.",,,,,,,,baja,
70443101-5,FUND EDUCACIONAL COLEGIO EL NINOJESUS,143,TALAGANTE,XIII REGION METROPOLITANA,"ENSEÑANZA PREESCOLAR, PRIMARIA, SECUNDARIA CIENTIFICO HUMANISTA Y TECNICO PROFESIONAL",alto,"Educación: la temporada de admisión y matrícula concentra cientos de consultas idénticas sobre vacantes, aranceles y documentos.",,,,,,,,baja,
65230750-7,FUND CATALINA DE MARIA,142,PROVIDENCIA,XIII REGION METROPOLITANA,"ENSEÑANZA PREESCOLAR, PRIMARIA, SECUNDARIA CIENTIFICO HUMANISTA Y TECNICO PROFESIONAL",alto,"Educación: la temporada de admisión y matrícula concentra cientos de consultas idénticas sobre vacantes, aranceles y documentos.",,,,,,,,baja,
65023386-7,FUNDACION EDUCACIONAL COLEGIO SAN FRANCISCO DE ASIS DE LA FLORIDA,141,LA FLORIDA,XIII REGION METROPOLITANA,"ENSEÑANZA PREESCOLAR, PRIMARIA, SECUNDARIA CIENTIFICO HUMANISTA Y TECNICO PROFESIONAL",alto,"Educación: la temporada de admisión y matrícula concentra cientos de consultas idénticas sobre vacantes, aranceles y documentos.",,,,,,,,baja,
65128453-8,FUNDACION EDUCACIONAL COLEGIO SANTA CRUZ DE SANTIAGO,141,SANTIAGO,XIII REGION METROPOLITANA,"ENSEÑANZA PREESCOLAR, PRIMARIA, SECUNDARIA CIENTIFICO HUMANISTA Y TECNICO PROFESIONAL",alto,"Educación: la temporada de admisión y matrícula concentra cientos de consultas idénticas sobre vacantes, aranceles y documentos.",,,,,,,,baja,
65145739-4,FUNDACION EDUCACIONAL SAN ANTONIO DE COLINA,141,COLINA,XIII REGION METROPOLITANA,"ENSEÑANZA PREESCOLAR, PRIMARIA, SECUNDARIA CIENTIFICO HUMANISTA Y TECNICO PROFESIONAL",alto,"Educación: la temporada de admisión y matrícula concentra cientos de consultas idénticas sobre vacantes, aranceles y documentos.",,,,,,,,baja,
65151349-9,FUNDACION EDUCACIONAL SAN DIEGO,141,CONCHALI,XIII REGION METROPOLITANA,"ENSEÑANZA PREESCOLAR, PRIMARIA, SECUNDARIA CIENTIFICO HUMANISTA Y TECNICO PROFESIONAL",alto,"Educación: la temporada de admisión y matrícula concentra cientos de consultas idénticas sobre vacantes, aranceles y documentos.",,,,,,,,baja,
65152903-4,FUNDACION EDUCACIONAL COLEGIO DESIREE,141,COLINA,XIII REGION METROPOLITANA,"ENSEÑANZA PREESCOLAR, PRIMARIA, SECUNDARIA CIENTIFICO HUMANISTA Y TECNICO PROFESIONAL",alto,"Educación: la temporada de admisión y matrícula concentra cientos de consultas idénticas sobre vacantes, aranceles y documentos.",,,,,,,,baja,
65877120-5,FUNDACION BERNARDA MORIN,141,PROVIDENCIA,XIII REGION METROPOLITANA,OTROS TIPOS DE ENSEÑANZA,alto,"Educación: la temporada de admisión y matrícula concentra cientos de consultas idénticas sobre vacantes, aranceles y documentos.",,,,,,,,baja,
65145477-8,CORPORACION EDUCACIONAL ATENAS,140,LA FLORIDA,XIII REGION METROPOLITANA,"ENSEÑANZA PREESCOLAR, PRIMARIA, SECUNDARIA CIENTIFICO HUMANISTA Y TECNICO PROFESIONAL",alto,"Educación: la temporada de admisión y matrícula concentra cientos de consultas idénticas sobre vacantes, aranceles y documentos.",,,,,,,,baja,
65155319-9,FUNDACION EDUCACIONAL COLEGIO ALBERTO BLEST GANA,140,SAN RAMON,XIII REGION METROPOLITANA,"ENSEÑANZA PREESCOLAR, PRIMARIA, SECUNDARIA CIENTIFICO HUMANISTA Y TECNICO PROFESIONAL",alto,"Educación: la temporada de admisión y matrícula concentra cientos de consultas idénticas sobre vacantes, aranceles y documentos.",,,,,,,,baja,
76202914-6,HOTELERA AUSTRAL SANTIAGO SPA,140,SANTIAGO,XIII REGION METROPOLITANA,ACTIVIDADES DE ALOJAMIENTO PARA ESTANCIAS CORTAS,alto,"Alojamiento y arriendo turístico (el #2 de la investigación y el mejor primer win): operan literalmente por WhatsApp, el incumbente es casi nulo y el build es el más simple. Disponibilidad, tarifas y reglas son la conversación entera, y llega a toda hora. Ojo con la estacionalidad: el dolor se siente en verano y Fiestas Patrias.",,,,,,,,baja,
96584100-8,COLEGIO NUESTRA SENORA DEL CAMINO SA,140,LA REINA,XIII REGION METROPOLITANA,"ENSEÑANZA PREESCOLAR, PRIMARIA, SECUNDARIA CIENTIFICO HUMANISTA Y TECNICO PROFESIONAL",alto,"Educación: la temporada de admisión y matrícula concentra cientos de consultas idénticas sobre vacantes, aranceles y documentos.",,,,,,,,baja,
65092371-5,FUNDACION EDUCACIONAL NOBEL GABRIELA MISTRAL,139,PROVIDENCIA,XIII REGION METROPOLITANA,"ENSEÑANZA PREESCOLAR, PRIMARIA, SECUNDARIA CIENTIFICO HUMANISTA Y TECNICO PROFESIONAL",alto,"Educación: la temporada de admisión y matrícula concentra cientos de consultas idénticas sobre vacantes, aranceles y documentos.",,,,,,,,baja,
65093935-2,CORPORACION EDUCACIONAL EL REDENTOR,139,MAIPU,XIII REGION METROPOLITANA,"ENSEÑANZA PREESCOLAR, PRIMARIA, SECUNDARIA CIENTIFICO HUMANISTA Y TECNICO PROFESIONAL",alto,"Educación: la temporada de admisión y matrícula concentra cientos de consultas idénticas sobre vacantes, aranceles y documentos.",,,,,,,,baja,
65154237-5,CORPORACION EDUCACIONAL CHRISTIAN GARDEN,139,LA GRANJA,XIII REGION METROPOLITANA,"ENSEÑANZA PREESCOLAR, PRIMARIA, SECUNDARIA CIENTIFICO HUMANISTA Y TECNICO PROFESIONAL",alto,"Educación: la temporada de admisión y matrícula concentra cientos de consultas idénticas sobre vacantes, aranceles y documentos.",,,,,,,,baja,
65687590-9,"""FUNDACION EDUCACIONAL """"COLEGIO NUESTRA SENORA DEL CARMEN """"""",139,MELIPILLA,XIII REGION METROPOLITANA,"ENSEÑANZA PREESCOLAR, PRIMARIA, SECUNDARIA CIENTIFICO HUMANISTA Y TECNICO PROFESIONAL",alto,"Educación: la temporada de admisión y matrícula concentra cientos de consultas idénticas sobre vacantes, aranceles y documentos.",,,,,,,,baja,
65149956-9,CORPORACION EDUCACIONAL PATRONA DE LOURDES,138,LA FLORIDA,XIII REGION METROPOLITANA,"ENSEÑANZA PREESCOLAR, PRIMARIA, SECUNDARIA CIENTIFICO HUMANISTA Y TECNICO PROFESIONAL",alto,"Educación: la temporada de admisión y matrícula concentra cientos de consultas idénticas sobre vacantes, aranceles y documentos.",,,,,,,,baja,
76304329-0,WEBCLASS LEARNING MANAGEMENT SYSTEM LIMITADA,138,HUECHURABA,XIII REGION METROPOLITANA,OTROS TIPOS DE ENSEÑANZA,alto,"Educación: la temporada de admisión y matrícula concentra cientos de consultas idénticas sobre vacantes, aranceles y documentos.",,,,,,,,baja,
99558380-1,SOC EDUCACIONAL LO AGUIRRE S A,138,PUDAHUEL,XIII REGION METROPOLITANA,"ENSEÑANZA PREESCOLAR, PRIMARIA, SECUNDARIA CIENTIFICO HUMANISTA Y TECNICO PROFESIONAL",alto,"Educación: la temporada de admisión y matrícula concentra cientos de consultas idénticas sobre vacantes, aranceles y documentos.",,,,,,,,baja,
76133697-5,HOTELERA AMBAR RESIDENCE SPA,137,LAS CONDES,XIII REGION METROPOLITANA,ACTIVIDADES DE ALOJAMIENTO PARA ESTANCIAS CORTAS,alto,"Alojamiento y arriendo turístico (el #2 de la investigación y el mejor primer win): operan literalmente por WhatsApp, el incumbente es casi nulo y el build es el más simple. Disponibilidad, tarifas y reglas son la conversación entera, y llega a toda hora. Ojo con la estacionalidad: el dolor se siente en verano y Fiestas Patrias.",,,,,,,,baja,
76416090-8,ADMINISTRADORA REMOTA LIMITADA,137,SANTIAGO,XIII REGION METROPOLITANA,ACTIVIDADES DE ALOJAMIENTO PARA ESTANCIAS CORTAS,alto,"Alojamiento y arriendo turístico (el #2 de la investigación y el mejor primer win): operan literalmente por WhatsApp, el incumbente es casi nulo y el build es el más simple. Disponibilidad, tarifas y reglas son la conversación entera, y llega a toda hora. Ojo con la estacionalidad: el dolor se siente en verano y Fiestas Patrias.",,,,,,,,baja,
76042353-K,GRUPO HOTELERO RQ S.A.,134,PROVIDENCIA,XIII REGION METROPOLITANA,ACTIVIDADES DE ALOJAMIENTO PARA ESTANCIAS CORTAS,alto,"Alojamiento y arriendo turístico (el #2 de la investigación y el mejor primer win): operan literalmente por WhatsApp, el incumbente es casi nulo y el build es el más simple. Disponibilidad, tarifas y reglas son la conversación entera, y llega a toda hora. Ojo con la estacionalidad: el dolor se siente en verano y Fiestas Patrias.",,,,,,,,baja,
76304140-9,HOTELERA PASTENE LIMITADA,134,PROVIDENCIA,XIII REGION METROPOLITANA,ACTIVIDADES DE ALOJAMIENTO PARA ESTANCIAS CORTAS,alto,"Alojamiento y arriendo turístico (el #2 de la investigación y el mejor primer win): operan literalmente por WhatsApp, el incumbente es casi nulo y el build es el más simple. Disponibilidad, tarifas y reglas son la conversación entera, y llega a toda hora. Ojo con la estacionalidad: el dolor se siente en verano y Fiestas Patrias.",,,,,,,,baja,
76670860-9,SOCIEDAD DE MEDICINA Y TECNOLOGIA MEDICA S.A,134,PROVIDENCIA,XIII REGION METROPOLITANA,ACTIVIDADES DE MEDICOS Y ODONTOLOGOS,alto,"Salud ambulatoria (ICP 3): 'cuánto cuesta', '¿atienden mi isapre?', '¿hay hora para…?' todo el día. OJO — filtro duro del ICP: si ya usa AgendaPro, Reservo o Dentalink con WhatsApp activo, se descarta; el dolor ya está resuelto. Preguntarlo en la llamada.",,,,,,,,baja,
76926589-9,ACTIVO MAS SPA,134,LAS CONDES,XIII REGION METROPOLITANA,ACTIVIDADES INMOBILIARIAS REALIZADAS A CAMBIO DE UNA RETRIBUCION O POR CONTRATA,alto,"Corretaje (la mejor apuesta según la investigación de nichos): responder en menos de 5 minutos multiplica ~100x la probabilidad de contacto, y la de cierre cae ~50% por cada 30 minutos de demora. El corredor está en visitas la mitad del día. Ticket enorme: una comisión paga años de servicio. Apuntar a corredoras de 1-5 personas, no a las grandes con TI.",,,,,,,,baja,
76319008-0,INVERSIONES SURANDINO S.A.,133,LAS CONDES,XIII REGION METROPOLITANA,ACTIVIDADES DE ALOJAMIENTO PARA ESTANCIAS CORTAS,alto,"Alojamiento y arriendo turístico (el #2 de la investigación y el mejor primer win): operan literalmente por WhatsApp, el incumbente es casi nulo y el build es el más simple. Disponibilidad, tarifas y reglas son la conversación entera, y llega a toda hora. Ojo con la estacionalidad: el dolor se siente en verano y Fiestas Patrias.",,,,,,,,baja,
76620944-0,INCHCAPE COMERCIAL CHILE SPA,133,VITACURA,XIII REGION METROPOLITANA,VENTA DE VEHICULOS AUTOMOTORES,alto,"Venta de repuestos: cotización por modelo y año, la misma consulta cien veces al día, con lista de precios propia. Es el perfil de la reunión que ya se consiguió (KTM) y funciona como el ICP 1 (distribuidora que cotiza), no como taller.",,,,,,,,baja,
76746250-6,LOS LENOS S.A,133,SANTIAGO,XIII REGION METROPOLITANA,ACTIVIDADES DE ALOJAMIENTO PARA ESTANCIAS CORTAS,alto,"Alojamiento y arriendo turístico (el #2 de la investigación y el mejor primer win): operan literalmente por WhatsApp, el incumbente es casi nulo y el build es el más simple. Disponibilidad, tarifas y reglas son la conversación entera, y llega a toda hora. Ojo con la estacionalidad: el dolor se siente en verano y Fiestas Patrias.",,,,,,,,baja,
76495318-5,ASISTENCIA LOS DOMINICOS SPA,132,LAS CONDES,XIII REGION METROPOLITANA,OTRAS ACTIVIDADES DE ATENCION DE LA SALUD HUMANA,alto,"Salud ambulatoria (ICP 3): 'cuánto cuesta', '¿atienden mi isapre?', '¿hay hora para…?' todo el día. OJO — filtro duro del ICP: si ya usa AgendaPro, Reservo o Dentalink con WhatsApp activo, se descarta; el dolor ya está resuelto. Preguntarlo en la llamada.",,,,,,,,baja,
76311376-0,RESCATE FAMILIAR LIMITADA,131,MACUL,XIII REGION METROPOLITANA,ALQUILER Y ARRENDAMIENTO DE VEHICULOS AUTOMOTORES,alto,"Venta de repuestos: cotización por modelo y año, la misma consulta cien veces al día, con lista de precios propia. Es el perfil de la reunión que ya se consiguió (KTM) y funciona como el ICP 1 (distribuidora que cotiza), no como taller.",,,,,,,,baja,
76059493-8,CENTRO DE ATENCION ODONTOLOGICA NORDEN S.A.,129,LAS CONDES,XIII REGION METROPOLITANA,ACTIVIDADES DE MEDICOS Y ODONTOLOGOS,alto,"Salud ambulatoria (ICP 3): 'cuánto cuesta', '¿atienden mi isapre?', '¿hay hora para…?' todo el día. OJO — filtro duro del ICP: si ya usa AgendaPro, Reservo o Dentalink con WhatsApp activo, se descarta; el dolor ya está resuelto. Preguntarlo en la llamada.",,,,,,,,baja,
72012000-3,UNIVERSIDAD TECNOLOGICA DE CHILE INACAP,127,VITACURA,XIII REGION METROPOLITANA,ENSEÑANZA SUPERIOR,alto,"Educación: la temporada de admisión y matrícula concentra cientos de consultas idénticas sobre vacantes, aranceles y documentos.",,,,,,,,baja,
99528540-1,NUEVOS S A,125,SAN BERNARDO,XIII REGION METROPOLITANA,VENTA DE VEHICULOS AUTOMOTORES,alto,"Venta de repuestos: cotización por modelo y año, la misma consulta cien veces al día, con lista de precios propia. Es el perfil de la reunión que ya se consiguió (KTM) y funciona como el ICP 1 (distribuidora que cotiza), no como taller.",,,,,,,,baja,
65770460-1,FUNDACION EDUCACIONAL LICEO RUIZ TAGLE,124,EST CENTRAL,XIII REGION METROPOLITANA,OTROS TIPOS DE ENSEÑANZA,alto,"Educación: la temporada de admisión y matrícula concentra cientos de consultas idénticas sobre vacantes, aranceles y documentos.",,,,,,,,baja,
78205980-7,INSTITUTO PROFESIONAL LOS LEONES LTDA,124,SANTIAGO,XIII REGION METROPOLITANA,ENSEÑANZA SUPERIOR,alto,"Educación: la temporada de admisión y matrícula concentra cientos de consultas idénticas sobre vacantes, aranceles y documentos.",,,,,,,,baja,
76057225-K,INMOBILIARIA SIMPAC LIMITADA,123,LAS CONDES,XIII REGION METROPOLITANA,ACTIVIDADES DE ALOJAMIENTO PARA ESTANCIAS CORTAS,alto,"Alojamiento y arriendo turístico (el #2 de la investigación y el mejor primer win): operan literalmente por WhatsApp, el incumbente es casi nulo y el build es el más simple. Disponibilidad, tarifas y reglas son la conversación entera, y llega a toda hora. Ojo con la estacionalidad: el dolor se siente en verano y Fiestas Patrias.",,,,,,,,baja,
76063825-0,KATARI HOTELERIA LIMITADA,119,LAS CONDES,XIII REGION METROPOLITANA,ACTIVIDADES DE ALOJAMIENTO PARA ESTANCIAS CORTAS,alto,"Alojamiento y arriendo turístico (el #2 de la investigación y el mejor primer win): operan literalmente por WhatsApp, el incumbente es casi nulo y el build es el más simple. Disponibilidad, tarifas y reglas son la conversación entera, y llega a toda hora. Ojo con la estacionalidad: el dolor se siente en verano y Fiestas Patrias.",,,,,,,,baja,
76502610-5,PDCH SPA,119,SANTIAGO,XIII REGION METROPOLITANA,ACTIVIDADES DE ALOJAMIENTO PARA ESTANCIAS CORTAS,alto,"Alojamiento y arriendo turístico (el #2 de la investigación y el mejor primer win): operan literalmente por WhatsApp, el incumbente es casi nulo y el build es el más simple. Disponibilidad, tarifas y reglas son la conversación entera, y llega a toda hora. Ojo con la estacionalidad: el dolor se siente en verano y Fiestas Patrias.",,,,,,,,baja,
76659281-3,PREUNIVERSITARIO TUTOR  U CHILE SPA,118,PROVIDENCIA,XIII REGION METROPOLITANA,OTROS TIPOS DE ENSEÑANZA,alto,"Educación: la temporada de admisión y matrícula concentra cientos de consultas idénticas sobre vacantes, aranceles y documentos.",,,,,,,,baja,
77050482-1,GYL HOTELERA SPA,118,PROVIDENCIA,XIII REGION METROPOLITANA,ACTIVIDADES DE ALOJAMIENTO PARA ESTANCIAS CORTAS,alto,"Alojamiento y arriendo turístico (el #2 de la investigación y el mejor primer win): operan literalmente por WhatsApp, el incumbente es casi nulo y el build es el más simple. Disponibilidad, tarifas y reglas son la conversación entera, y llega a toda hora. Ojo con la estacionalidad: el dolor se siente en verano y Fiestas Patrias.",,,,,,,,baja,
77630220-1,CENTRO DE FORMACION TECNICA CENCO S A,118,SANTIAGO,XIII REGION METROPOLITANA,ENSEÑANZA SUPERIOR,alto,"Educación: la temporada de admisión y matrícula concentra cientos de consultas idénticas sobre vacantes, aranceles y documentos.",,,,,,,,baja,
76074009-8,SOCIEDAD DE PRESTACIONES MEDICAS QUIRURGICAS VIGILIUS SPA,117,PROVIDENCIA,XIII REGION METROPOLITANA,OTRAS ACTIVIDADES DE ATENCION DE LA SALUD HUMANA,alto,"Salud ambulatoria (ICP 3): 'cuánto cuesta', '¿atienden mi isapre?', '¿hay hora para…?' todo el día. OJO — filtro duro del ICP: si ya usa AgendaPro, Reservo o Dentalink con WhatsApp activo, se descarta; el dolor ya está resuelto. Preguntarlo en la llamada.",,,,,,,,baja,
94340000-8,GRUPO PLANET SPA,117,QUILICURA,XIII REGION METROPOLITANA,"VENTA DE PARTES, PIEZAS Y ACCESORIOS PARA VEHICULOS AUTOMOTORES",alto,"Venta de repuestos: cotización por modelo y año, la misma consulta cien veces al día, con lista de precios propia. Es el perfil de la reunión que ya se consiguió (KTM) y funciona como el ICP 1 (distribuidora que cotiza), no como taller.",,,,,,,,baja,
96882750-2,EDUCACION DEPORTIVA S A,117,MACUL,XIII REGION METROPOLITANA,OTROS TIPOS DE ENSEÑANZA,alto,"Educación: la temporada de admisión y matrícula concentra cientos de consultas idénticas sobre vacantes, aranceles y documentos.",,,,,,,,baja,
76144635-5,LABORATORIO MEDICINA NUCLEAR BICENTENARIO LIMITADA,116,SAN MIGUEL,XIII REGION METROPOLITANA,OTRAS ACTIVIDADES DE ATENCION DE LA SALUD HUMANA,alto,"Salud ambulatoria (ICP 3): 'cuánto cuesta', '¿atienden mi isapre?', '¿hay hora para…?' todo el día. OJO — filtro duro del ICP: si ya usa AgendaPro, Reservo o Dentalink con WhatsApp activo, se descarta; el dolor ya está resuelto. Preguntarlo en la llamada.",,,,,,,,baja,
93435000-6,SAINT GERMAIN SPA,116,PROVIDENCIA,XIII REGION METROPOLITANA,VENTA DE VEHICULOS AUTOMOTORES,alto,"Venta de repuestos: cotización por modelo y año, la misma consulta cien veces al día, con lista de precios propia. Es el perfil de la reunión que ya se consiguió (KTM) y funciona como el ICP 1 (distribuidora que cotiza), no como taller.",,,,,,,,baja,
96719690-8,ASTRA SOCIEDAD MEDICA S A,116,PROVIDENCIA,XIII REGION METROPOLITANA,ACTIVIDADES DE MEDICOS Y ODONTOLOGOS,alto,"Salud ambulatoria (ICP 3): 'cuánto cuesta', '¿atienden mi isapre?', '¿hay hora para…?' todo el día. OJO — filtro duro del ICP: si ya usa AgendaPro, Reservo o Dentalink con WhatsApp activo, se descarta; el dolor ya está resuelto. Preguntarlo en la llamada.",,,,,,,,baja,
73124400-6,UNIVERSIDAD MIGUEL DE CERVANTES,114,SANTIAGO,XIII REGION METROPOLITANA,ENSEÑANZA SUPERIOR,alto,"Educación: la temporada de admisión y matrícula concentra cientos de consultas idénticas sobre vacantes, aranceles y documentos.",,,,,,,,baja,
77726476-1,HABITAS ATACAMA SPA,113,LAS CONDES,XIII REGION METROPOLITANA,ACTIVIDADES DE ALOJAMIENTO PARA ESTANCIAS CORTAS,alto,"Alojamiento y arriendo turístico (el #2 de la investigación y el mejor primer win): operan literalmente por WhatsApp, el incumbente es casi nulo y el build es el más simple. Disponibilidad, tarifas y reglas son la conversación entera, y llega a toda hora. Ojo con la estacionalidad: el dolor se siente en verano y Fiestas Patrias.",,,,,,,,baja,
84265600-1,COMERCIAL PIO NONO LTDA,113,SANTIAGO,XIII REGION METROPOLITANA,"VENTA DE PARTES, PIEZAS Y ACCESORIOS PARA VEHICULOS AUTOMOTORES",alto,"Venta de repuestos: cotización por modelo y año, la misma consulta cien veces al día, con lista de precios propia. Es el perfil de la reunión que ya se consiguió (KTM) y funciona como el ICP 1 (distribuidora que cotiza), no como taller.",,,,,,,,baja,
61101031-1,EJERCITO DE CHILE CENTRAL ODONTOLOGICA D,112,SANTIAGO,XIII REGION METROPOLITANA,ACTIVIDADES DE MEDICOS Y ODONTOLOGOS,alto,"Salud ambulatoria (ICP 3): 'cuánto cuesta', '¿atienden mi isapre?', '¿hay hora para…?' todo el día. OJO — filtro duro del ICP: si ya usa AgendaPro, Reservo o Dentalink con WhatsApp activo, se descarta; el dolor ya está resuelto. Preguntarlo en la llamada.",,,,,,,,baja,
65114157-5,CORPORACION EDUCACIONAL ORRONO BOUSSAC,112,PUENTE ALTO,XIII REGION METROPOLITANA,OTROS TIPOS DE ENSEÑANZA,alto,"Educación: la temporada de admisión y matrícula concentra cientos de consultas idénticas sobre vacantes, aranceles y documentos.",,,,,,,,baja,
96971940-1,OPERADORA DE SERVICIOS MEDICOS MAITENES S A,112,MELIPILLA,XIII REGION METROPOLITANA,ACTIVIDADES DE MEDICOS Y ODONTOLOGOS,alto,"Salud ambulatoria (ICP 3): 'cuánto cuesta', '¿atienden mi isapre?', '¿hay hora para…?' todo el día. OJO — filtro duro del ICP: si ya usa AgendaPro, Reservo o Dentalink con WhatsApp activo, se descarta; el dolor ya está resuelto. Preguntarlo en la llamada.",,,,,,,,baja,
76520243-4,CLINICA ODONTOLOGICA SMARTDENT SPA,110,PROVIDENCIA,XIII REGION METROPOLITANA,ACTIVIDADES DE MEDICOS Y ODONTOLOGOS,alto,"Salud ambulatoria (ICP 3): 'cuánto cuesta', '¿atienden mi isapre?', '¿hay hora para…?' todo el día. OJO — filtro duro del ICP: si ya usa AgendaPro, Reservo o Dentalink con WhatsApp activo, se descarta; el dolor ya está resuelto. Preguntarlo en la llamada.",,,,,,,,baja,
76194366-9,HOTELERA VC LIMITADA,109,SANTIAGO,XIII REGION METROPOLITANA,ACTIVIDADES DE ALOJAMIENTO PARA ESTANCIAS CORTAS,alto,"Alojamiento y arriendo turístico (el #2 de la investigación y el mejor primer win): operan literalmente por WhatsApp, el incumbente es casi nulo y el build es el más simple. Disponibilidad, tarifas y reglas son la conversación entera, y llega a toda hora. Ojo con la estacionalidad: el dolor se siente en verano y Fiestas Patrias.",,,,,,,,baja,
77861462-6,SALUD Y ESTETICA NCA SPA,109,LAS CONDES,XIII REGION METROPOLITANA,OTRAS ACTIVIDADES DE ATENCION DE LA SALUD HUMANA,alto,"Salud ambulatoria (ICP 3): 'cuánto cuesta', '¿atienden mi isapre?', '¿hay hora para…?' todo el día. OJO — filtro duro del ICP: si ya usa AgendaPro, Reservo o Dentalink con WhatsApp activo, se descarta; el dolor ya está resuelto. Preguntarlo en la llamada.",,,,,,,,baja,
84888500-2,HOTEL PANAMERICANO LTDA,109,SANTIAGO,XIII REGION METROPOLITANA,ACTIVIDADES DE ALOJAMIENTO PARA ESTANCIAS CORTAS,alto,"Alojamiento y arriendo turístico (el #2 de la investigación y el mejor primer win): operan literalmente por WhatsApp, el incumbente es casi nulo y el build es el más simple. Disponibilidad, tarifas y reglas son la conversación entera, y llega a toda hora. Ojo con la estacionalidad: el dolor se siente en verano y Fiestas Patrias.",,,,,,,,baja,
76401546-0,HOTELES SOMMELIER SPA,108,SANTIAGO,XIII REGION METROPOLITANA,ACTIVIDADES DE ALOJAMIENTO PARA ESTANCIAS CORTAS,alto,"Alojamiento y arriendo turístico (el #2 de la investigación y el mejor primer win): operan literalmente por WhatsApp, el incumbente es casi nulo y el build es el más simple. Disponibilidad, tarifas y reglas son la conversación entera, y llega a toda hora. Ojo con la estacionalidad: el dolor se siente en verano y Fiestas Patrias.",,,,,,,,baja,
82920700-1,INSTITUTO DE ESTUDIOS BANCARIOS GUILLERMO SUBERCASEAUX,108,SANTIAGO,XIII REGION METROPOLITANA,ENSEÑANZA SUPERIOR,alto,"Educación: la temporada de admisión y matrícula concentra cientos de consultas idénticas sobre vacantes, aranceles y documentos.",,,,,,,,baja,
76228304-2,GESTION Y ADMINISTRACION CENIT LIMITADA,107,PROVIDENCIA,XIII REGION METROPOLITANA,ACTIVIDADES INMOBILIARIAS REALIZADAS A CAMBIO DE UNA RETRIBUCION O POR CONTRATA,alto,"Corretaje (la mejor apuesta según la investigación de nichos): responder en menos de 5 minutos multiplica ~100x la probabilidad de contacto, y la de cierre cae ~50% por cada 30 minutos de demora. El corredor está en visitas la mitad del día. Ticket enorme: una comisión paga años de servicio. Apuntar a corredoras de 1-5 personas, no a las grandes con TI.",,,,,,,,baja,
76230978-5,INMOBILIARIA COLIPI SPA,107,LAS CONDES,XIII REGION METROPOLITANA,ACTIVIDADES DE ALOJAMIENTO PARA ESTANCIAS CORTAS,alto,"Alojamiento y arriendo turístico (el #2 de la investigación y el mejor primer win): operan literalmente por WhatsApp, el incumbente es casi nulo y el build es el más simple. Disponibilidad, tarifas y reglas son la conversación entera, y llega a toda hora. Ojo con la estacionalidad: el dolor se siente en verano y Fiestas Patrias.",,,,,,,,baja,
76317843-9,INMOBILIARIA ORELLA- LYNCH SPA,106,LAS CONDES,XIII REGION METROPOLITANA,ACTIVIDADES DE ALOJAMIENTO PARA ESTANCIAS CORTAS,alto,"Alojamiento y arriendo turístico (el #2 de la investigación y el mejor primer win): operan literalmente por WhatsApp, el incumbente es casi nulo y el build es el más simple. Disponibilidad, tarifas y reglas son la conversación entera, y llega a toda hora. Ojo con la estacionalidad: el dolor se siente en verano y Fiestas Patrias.",,,,,,,,baja,
65232280-8,FUND EDUCACIONAL ORIGEN,105,PIRQUE,XIII REGION METROPOLITANA,ACTIVIDADES DE APOYO A LA ENSEÑANZA,alto,"Educación: la temporada de admisión y matrícula concentra cientos de consultas idénticas sobre vacantes, aranceles y documentos.",,,,,,,,baja,
78212360-2,CORPORACION INSTITUTO PROFESIONAL SAN SEBASTIAN,105,SANTIAGO,XIII REGION METROPOLITANA,ENSEÑANZA SUPERIOR,alto,"Educación: la temporada de admisión y matrícula concentra cientos de consultas idénticas sobre vacantes, aranceles y documentos.",,,,,,,,baja,
76147318-2,ASSETPLAN ASESORES SPA,104,LAS CONDES,XIII REGION METROPOLITANA,ACTIVIDADES INMOBILIARIAS REALIZADAS A CAMBIO DE UNA RETRIBUCION O POR CONTRATA,alto,"Corretaje (la mejor apuesta según la investigación de nichos): responder en menos de 5 minutos multiplica ~100x la probabilidad de contacto, y la de cierre cae ~50% por cada 30 minutos de demora. El corredor está en visitas la mitad del día. Ticket enorme: una comisión paga años de servicio. Apuntar a corredoras de 1-5 personas, no a las grandes con TI.",,,,,,,,baja,
76969438-2,ADMINISTRADORA HOTELERA Y DE SERVICIOS SPA,104,PROVIDENCIA,XIII REGION METROPOLITANA,ACTIVIDADES DE ALOJAMIENTO PARA ESTANCIAS CORTAS,alto,"Alojamiento y arriendo turístico (el #2 de la investigación y el mejor primer win): operan literalmente por WhatsApp, el incumbente es casi nulo y el build es el más simple. Disponibilidad, tarifas y reglas son la conversación entera, y llega a toda hora. Ojo con la estacionalidad: el dolor se siente en verano y Fiestas Patrias.",,,,,,,,baja,
76352353-5,TURISMO EL ROSARIO LIMITADA,102,VITACURA,XIII REGION METROPOLITANA,ACTIVIDADES DE ALOJAMIENTO PARA ESTANCIAS CORTAS,alto,"Alojamiento y arriendo turístico (el #2 de la investigación y el mejor primer win): operan literalmente por WhatsApp, el incumbente es casi nulo y el build es el más simple. Disponibilidad, tarifas y reglas son la conversación entera, y llega a toda hora. Ojo con la estacionalidad: el dolor se siente en verano y Fiestas Patrias.",,,,,,,,baja,
76251295-5,RESCATE TARAPACA SPA,101,LAS CONDES,XIII REGION METROPOLITANA,ACTIVIDADES DE MEDICOS Y ODONTOLOGOS,alto,"Salud ambulatoria (ICP 3): 'cuánto cuesta', '¿atienden mi isapre?', '¿hay hora para…?' todo el día. OJO — filtro duro del ICP: si ya usa AgendaPro, Reservo o Dentalink con WhatsApp activo, se descarta; el dolor ya está resuelto. Preguntarlo en la llamada.",,,,,,,,baja,
76423438-3,SERVICIOS DE TURISMO FUTANGUE LIMITADA,101,VITACURA,XIII REGION METROPOLITANA,ACTIVIDADES DE ALOJAMIENTO PARA ESTANCIAS CORTAS,alto,"Alojamiento y arriendo turístico (el #2 de la investigación y el mejor primer win): operan literalmente por WhatsApp, el incumbente es casi nulo y el build es el más simple. Disponibilidad, tarifas y reglas son la conversación entera, y llega a toda hora. Ojo con la estacionalidad: el dolor se siente en verano y Fiestas Patrias.",,,,,,,,baja,
78206800-8,INSTITUTO PROFESIONAL ESCUELA MODERNA DE MUSICA SPA,101,VITACURA,XIII REGION METROPOLITANA,ENSEÑANZA SUPERIOR,alto,"Educación: la temporada de admisión y matrícula concentra cientos de consultas idénticas sobre vacantes, aranceles y documentos.",,,,,,,,baja,
79772200-6,SOC EDUCACIONAL DEL MAULE S A,101,SANTIAGO,XIII REGION METROPOLITANA,ENSEÑANZA SUPERIOR,alto,"Educación: la temporada de admisión y matrícula concentra cientos de consultas idénticas sobre vacantes, aranceles y documentos.",,,,,,,,baja,
82293400-5,LARRAIN SIERRA Y COMPANIA LIMITADA,101,PROVIDENCIA,XIII REGION METROPOLITANA,VENTA DE VEHICULOS AUTOMOTORES,alto,"Venta de repuestos: cotización por modelo y año, la misma consulta cien veces al día, con lista de precios propia. Es el perfil de la reunión que ya se consiguió (KTM) y funciona como el ICP 1 (distribuidora que cotiza), no como taller.",,,,,,,,baja,
76111815-3,SENIORS GESTION DE ENFERMERIA SEBASTIAN ELCANO SPA,100,LAS CONDES,XIII REGION METROPOLITANA,OTRAS ACTIVIDADES DE ATENCION DE LA SALUD HUMANA,alto,"Salud ambulatoria (ICP 3): 'cuánto cuesta', '¿atienden mi isapre?', '¿hay hora para…?' todo el día. OJO — filtro duro del ICP: si ya usa AgendaPro, Reservo o Dentalink con WhatsApp activo, se descarta; el dolor ya está resuelto. Preguntarlo en la llamada.",,,,,,,,baja,
76304798-9,CLÍNICA SOMNO SPA,99,VITACURA,XIII REGION METROPOLITANA,OTRAS ACTIVIDADES DE ATENCION DE LA SALUD HUMANA,alto,"Salud ambulatoria (ICP 3): 'cuánto cuesta', '¿atienden mi isapre?', '¿hay hora para…?' todo el día. OJO — filtro duro del ICP: si ya usa AgendaPro, Reservo o Dentalink con WhatsApp activo, se descarta; el dolor ya está resuelto. Preguntarlo en la llamada.",,,,,,,,baja,
76986542-K,SERVICIOS MEDICOS CRUZ NACIONAL SPA,99,PROVIDENCIA,XIII REGION METROPOLITANA,ACTIVIDADES DE MEDICOS Y ODONTOLOGOS,alto,"Salud ambulatoria (ICP 3): 'cuánto cuesta', '¿atienden mi isapre?', '¿hay hora para…?' todo el día. OJO — filtro duro del ICP: si ya usa AgendaPro, Reservo o Dentalink con WhatsApp activo, se descarta; el dolor ya está resuelto. Preguntarlo en la llamada.",,,,,,,,baja,
76351947-3,SANADENT S.A,98,PROVIDENCIA,XIII REGION METROPOLITANA,ACTIVIDADES DE MEDICOS Y ODONTOLOGOS,alto,"Salud ambulatoria (ICP 3): 'cuánto cuesta', '¿atienden mi isapre?', '¿hay hora para…?' todo el día. OJO — filtro duro del ICP: si ya usa AgendaPro, Reservo o Dentalink con WhatsApp activo, se descarta; el dolor ya está resuelto. Preguntarlo en la llamada.",,,,,,,,baja,
87705100-5,JOSE TOMAS URMENETA Y CIA LIMITADA PROPI,98,PROVIDENCIA,XIII REGION METROPOLITANA,ACTIVIDADES INMOBILIARIAS REALIZADAS A CAMBIO DE UNA RETRIBUCION O POR CONTRATA,alto,"Corretaje (la mejor apuesta según la investigación de nichos): responder en menos de 5 minutos multiplica ~100x la probabilidad de contacto, y la de cierre cae ~50% por cada 30 minutos de demora. El corredor está en visitas la mitad del día. Ticket enorme: una comisión paga años de servicio. Apuntar a corredoras de 1-5 personas, no a las grandes con TI.",,,,,,,,baja,
77769130-9,ESPECIALIDADES ODONTOLOGICAS MORA PAVIC SPA,96,LAS CONDES,XIII REGION METROPOLITANA,ACTIVIDADES DE MEDICOS Y ODONTOLOGOS,alto,"Salud ambulatoria (ICP 3): 'cuánto cuesta', '¿atienden mi isapre?', '¿hay hora para…?' todo el día. OJO — filtro duro del ICP: si ya usa AgendaPro, Reservo o Dentalink con WhatsApp activo, se descarta; el dolor ya está resuelto. Preguntarlo en la llamada.",,,,,,,,baja,
78366460-7,CENTRO DE ESPECIALIDADES MEDICAS LTDA,96,VITACURA,XIII REGION METROPOLITANA,ACTIVIDADES DE MEDICOS Y ODONTOLOGOS,alto,"Salud ambulatoria (ICP 3): 'cuánto cuesta', '¿atienden mi isapre?', '¿hay hora para…?' todo el día. OJO — filtro duro del ICP: si ya usa AgendaPro, Reservo o Dentalink con WhatsApp activo, se descarta; el dolor ya está resuelto. Preguntarlo en la llamada.",,,,,,,,baja,
79528730-2,CIPER REPUESTOS LIMITADA,96,SANTIAGO,XIII REGION METROPOLITANA,"VENTA DE PARTES, PIEZAS Y ACCESORIOS PARA VEHICULOS AUTOMOTORES",alto,"Venta de repuestos: cotización por modelo y año, la misma consulta cien veces al día, con lista de precios propia. Es el perfil de la reunión que ya se consiguió (KTM) y funciona como el ICP 1 (distribuidora que cotiza), no como taller.",,,,,,,,baja,
93515000-0,GENERAL MOTORS CHILE INDUSTRIA AUTOMOTRIZ LIMITADA,96,HUECHURABA,XIII REGION METROPOLITANA,VENTA DE VEHICULOS AUTOMOTORES,alto,"Venta de repuestos: cotización por modelo y año, la misma consulta cien veces al día, con lista de precios propia. Es el perfil de la reunión que ya se consiguió (KTM) y funciona como el ICP 1 (distribuidora que cotiza), no como taller.",,,,,,,,baja,
76147119-8,ASISTENCIA LAS TRANQUERAS SPA,95,LAS CONDES,XIII REGION METROPOLITANA,OTRAS ACTIVIDADES DE ATENCION DE LA SALUD HUMANA,alto,"Salud ambulatoria (ICP 3): 'cuánto cuesta', '¿atienden mi isapre?', '¿hay hora para…?' todo el día. OJO — filtro duro del ICP: si ya usa AgendaPro, Reservo o Dentalink con WhatsApp activo, se descarta; el dolor ya está resuelto. Preguntarlo en la llamada.",,,,,,,,baja,
76600635-3,HOTELERA NOVAPARK SPA,95,SANTIAGO,XIII REGION METROPOLITANA,ACTIVIDADES DE ALOJAMIENTO PARA ESTANCIAS CORTAS,alto,"Alojamiento y arriendo turístico (el #2 de la investigación y el mejor primer win): operan literalmente por WhatsApp, el incumbente es casi nulo y el build es el más simple. Disponibilidad, tarifas y reglas son la conversación entera, y llega a toda hora. Ojo con la estacionalidad: el dolor se siente en verano y Fiestas Patrias.",,,,,,,,baja,
77166818-6,ISLA NAVARINO SPA,95,VITACURA,XIII REGION METROPOLITANA,ACTIVIDADES DE ALOJAMIENTO PARA ESTANCIAS CORTAS,alto,"Alojamiento y arriendo turístico (el #2 de la investigación y el mejor primer win): operan literalmente por WhatsApp, el incumbente es casi nulo y el build es el más simple. Disponibilidad, tarifas y reglas son la conversación entera, y llega a toda hora. Ojo con la estacionalidad: el dolor se siente en verano y Fiestas Patrias.",,,,,,,,baja,
77645445-1,HOTEL HW HIGH WILD SPA,95,SANTIAGO,XIII REGION METROPOLITANA,ACTIVIDADES DE ALOJAMIENTO PARA ESTANCIAS CORTAS,alto,"Alojamiento y arriendo turístico (el #2 de la investigación y el mejor primer win): operan literalmente por WhatsApp, el incumbente es casi nulo y el build es el más simple. Disponibilidad, tarifas y reglas son la conversación entera, y llega a toda hora. Ojo con la estacionalidad: el dolor se siente en verano y Fiestas Patrias.",,,,,,,,baja,
77688524-K,ACADEMIA DE EDUCACION DEPORTIVA MINDFIT SPA,93,LO BARNECHEA,XIII REGION METROPOLITANA,OTROS TIPOS DE ENSEÑANZA,alto,"Educación: la temporada de admisión y matrícula concentra cientos de consultas idénticas sobre vacantes, aranceles y documentos.",,,,,,,,baja,
76110809-3,ARAUCO SALUD LIMITADA,92,LAS CONDES,XIII REGION METROPOLITANA,ACTIVIDADES DE MEDICOS Y ODONTOLOGOS,alto,"Salud ambulatoria (ICP 3): 'cuánto cuesta', '¿atienden mi isapre?', '¿hay hora para…?' todo el día. OJO — filtro duro del ICP: si ya usa AgendaPro, Reservo o Dentalink con WhatsApp activo, se descarta; el dolor ya está resuelto. Preguntarlo en la llamada.",,,,,,,,baja,
76349315-6,PORTAL DE ORTODONCIA DE CHILE S.A,92,SANTIAGO,XIII REGION METROPOLITANA,ACTIVIDADES DE MEDICOS Y ODONTOLOGOS,alto,"Salud ambulatoria (ICP 3): 'cuánto cuesta', '¿atienden mi isapre?', '¿hay hora para…?' todo el día. OJO — filtro duro del ICP: si ya usa AgendaPro, Reservo o Dentalink con WhatsApp activo, se descarta; el dolor ya está resuelto. Preguntarlo en la llamada.",,,,,,,,baja,
76545371-2,AUTOMOTORA INALCAR S.A,92,NUNOA,XIII REGION METROPOLITANA,VENTA DE VEHICULOS AUTOMOTORES,alto,"Venta de repuestos: cotización por modelo y año, la misma consulta cien veces al día, con lista de precios propia. Es el perfil de la reunión que ya se consiguió (KTM) y funciona como el ICP 1 (distribuidora que cotiza), no como taller.",,,,,,,,baja,
80463100-3,PATRICIO HIDALGO SOCIEDAD ANONIMA,92,EST CENTRAL,XIII REGION METROPOLITANA,VENTA DE VEHICULOS AUTOMOTORES,alto,"Venta de repuestos: cotización por modelo y año, la misma consulta cien veces al día, con lista de precios propia. Es el perfil de la reunión que ya se consiguió (KTM) y funciona como el ICP 1 (distribuidora que cotiza), no como taller.",,,,,,,,baja,
76432503-6,YOUTOPIA SALUD SPA,91,LO BARNECHEA,XIII REGION METROPOLITANA,OTRAS ACTIVIDADES DE ATENCION DE LA SALUD HUMANA,alto,"Salud ambulatoria (ICP 3): 'cuánto cuesta', '¿atienden mi isapre?', '¿hay hora para…?' todo el día. OJO — filtro duro del ICP: si ya usa AgendaPro, Reservo o Dentalink con WhatsApp activo, se descarta; el dolor ya está resuelto. Preguntarlo en la llamada.",,,,,,,,baja,
65199980-4,CORP MUNICIPAL DE DEPORTES DE NUNOA,90,NUNOA,XIII REGION METROPOLITANA,OTROS TIPOS DE ENSEÑANZA,alto,"Educación: la temporada de admisión y matrícula concentra cientos de consultas idénticas sobre vacantes, aranceles y documentos.",,,,,,,,baja,
77615015-0,LUCKY TEAM SPA,90,LAS CONDES,XIII REGION METROPOLITANA,ALQUILER Y ARRENDAMIENTO DE VEHICULOS AUTOMOTORES,alto,"Venta de repuestos: cotización por modelo y año, la misma consulta cien veces al día, con lista de precios propia. Es el perfil de la reunión que ya se consiguió (KTM) y funciona como el ICP 1 (distribuidora que cotiza), no como taller.",,,,,,,,baja,
76203979-6,SOCIEDAD DE TRANSPORTES LABOTRANS LIMITADA,89,QUILICURA,XIII REGION METROPOLITANA,ALQUILER Y ARRENDAMIENTO DE VEHICULOS AUTOMOTORES,alto,"Venta de repuestos: cotización por modelo y año, la misma consulta cien veces al día, con lista de precios propia. Es el perfil de la reunión que ya se consiguió (KTM) y funciona como el ICP 1 (distribuidora que cotiza), no como taller.",,,,,,,,baja,
76265560-8,IMPORT EXPORT IPARRAGUIRRE LIMITADA,89,SANTIAGO,XIII REGION METROPOLITANA,"VENTA DE PARTES, PIEZAS Y ACCESORIOS PARA VEHICULOS AUTOMOTORES",alto,"Venta de repuestos: cotización por modelo y año, la misma consulta cien veces al día, con lista de precios propia. Es el perfil de la reunión que ya se consiguió (KTM) y funciona como el ICP 1 (distribuidora que cotiza), no como taller.",,,,,,,,baja,
76585735-K,CENTRO DE MEDICINA REPRODUCTIVA SHADY GROVE CHILE SPA,89,VITACURA,XIII REGION METROPOLITANA,ACTIVIDADES DE MEDICOS Y ODONTOLOGOS,alto,"Salud ambulatoria (ICP 3): 'cuánto cuesta', '¿atienden mi isapre?', '¿hay hora para…?' todo el día. OJO — filtro duro del ICP: si ya usa AgendaPro, Reservo o Dentalink con WhatsApp activo, se descarta; el dolor ya está resuelto. Preguntarlo en la llamada.",,,,,,,,baja,
76415419-3,BYD CHILE SPA,88,PROVIDENCIA,XIII REGION METROPOLITANA,VENTA DE VEHICULOS AUTOMOTORES,alto,"Venta de repuestos: cotización por modelo y año, la misma consulta cien veces al día, con lista de precios propia. Es el perfil de la reunión que ya se consiguió (KTM) y funciona como el ICP 1 (distribuidora que cotiza), no como taller.",,,,,,,,baja,
76787749-8,THE NINJA COMPANY SPA,88,LAS CONDES,XIII REGION METROPOLITANA,OTROS TIPOS DE ENSEÑANZA,alto,"Educación: la temporada de admisión y matrícula concentra cientos de consultas idénticas sobre vacantes, aranceles y documentos.",,,,,,,,baja,
78706540-6,AUTOMOTORA MIGUEL JACOB HELO S.A.,88,SANTIAGO,XIII REGION METROPOLITANA,VENTA DE VEHICULOS AUTOMOTORES,alto,"Venta de repuestos: cotización por modelo y año, la misma consulta cien veces al día, con lista de precios propia. Es el perfil de la reunión que ya se consiguió (KTM) y funciona como el ICP 1 (distribuidora que cotiza), no como taller.",,,,,,,,baja,
79679590-5,LABORATORIO DIAGNOSTIKA LIMITADA,87,PROVIDENCIA,XIII REGION METROPOLITANA,OTRAS ACTIVIDADES DE ATENCION DE LA SALUD HUMANA,alto,"Salud ambulatoria (ICP 3): 'cuánto cuesta', '¿atienden mi isapre?', '¿hay hora para…?' todo el día. OJO — filtro duro del ICP: si ya usa AgendaPro, Reservo o Dentalink con WhatsApp activo, se descarta; el dolor ya está resuelto. Preguntarlo en la llamada.",,,,,,,,baja,
81719700-0,FUNDACION INVICA,85,SANTIAGO,XIII REGION METROPOLITANA,ACTIVIDADES INMOBILIARIAS REALIZADAS A CAMBIO DE UNA RETRIBUCION O POR CONTRATA,alto,"Corretaje (la mejor apuesta según la investigación de nichos): responder en menos de 5 minutos multiplica ~100x la probabilidad de contacto, y la de cierre cae ~50% por cada 30 minutos de demora. El corredor está en visitas la mitad del día. Ticket enorme: una comisión paga años de servicio. Apuntar a corredoras de 1-5 personas, no a las grandes con TI.",,,,,,,,baja,
92606000-7,SERVICIO LUCAS BLANDFORD S.A.,85,CONCHALI,XIII REGION METROPOLITANA,"VENTA DE PARTES, PIEZAS Y ACCESORIOS PARA VEHICULOS AUTOMOTORES",alto,"Venta de repuestos: cotización por modelo y año, la misma consulta cien veces al día, con lista de precios propia. Es el perfil de la reunión que ya se consiguió (KTM) y funciona como el ICP 1 (distribuidora que cotiza), no como taller.",,,,,,,,baja,
76047879-2,SOCIEDAD ODONTOLOGICA DEL DESARROLLO DE SANTIAGO S.A.,84,LA FLORIDA,XIII REGION METROPOLITANA,ACTIVIDADES DE MEDICOS Y ODONTOLOGOS,alto,"Salud ambulatoria (ICP 3): 'cuánto cuesta', '¿atienden mi isapre?', '¿hay hora para…?' todo el día. OJO — filtro duro del ICP: si ya usa AgendaPro, Reservo o Dentalink con WhatsApp activo, se descarta; el dolor ya está resuelto. Preguntarlo en la llamada.",,,,,,,,baja,
76089550-4,MAIPOSALUD LIMITADA,84,TALAGANTE,XIII REGION METROPOLITANA,ACTIVIDADES DE MEDICOS Y ODONTOLOGOS,alto,"Salud ambulatoria (ICP 3): 'cuánto cuesta', '¿atienden mi isapre?', '¿hay hora para…?' todo el día. OJO — filtro duro del ICP: si ya usa AgendaPro, Reservo o Dentalink con WhatsApp activo, se descarta; el dolor ya está resuelto. Preguntarlo en la llamada.",,,,,,,,baja,
96882280-2,IMPORTADORA TRANSAGRO S A,84,SANTIAGO,XIII REGION METROPOLITANA,"VENTA DE PARTES, PIEZAS Y ACCESORIOS PARA VEHICULOS AUTOMOTORES",alto,"Venta de repuestos: cotización por modelo y año, la misma consulta cien veces al día, con lista de precios propia. Es el perfil de la reunión que ya se consiguió (KTM) y funciona como el ICP 1 (distribuidora que cotiza), no como taller.",,,,,,,,baja,
76564005-9,INVERSIONES INBO LIMITADA,83,PROVIDENCIA,XIII REGION METROPOLITANA,OTRAS ACTIVIDADES DE ATENCION DE LA SALUD HUMANA,alto,"Salud ambulatoria (ICP 3): 'cuánto cuesta', '¿atienden mi isapre?', '¿hay hora para…?' todo el día. OJO — filtro duro del ICP: si ya usa AgendaPro, Reservo o Dentalink con WhatsApp activo, se descarta; el dolor ya está resuelto. Preguntarlo en la llamada.",,,,,,,,baja,
76703817-8,INVERSIONES MEGATERRENOS SPA,83,HUECHURABA,XIII REGION METROPOLITANA,ACTIVIDADES INMOBILIARIAS REALIZADAS A CAMBIO DE UNA RETRIBUCION O POR CONTRATA,alto,"Corretaje (la mejor apuesta según la investigación de nichos): responder en menos de 5 minutos multiplica ~100x la probabilidad de contacto, y la de cierre cae ~50% por cada 30 minutos de demora. El corredor está en visitas la mitad del día. Ticket enorme: una comisión paga años de servicio. Apuntar a corredoras de 1-5 personas, no a las grandes con TI.",,,,,,,,baja,
77495150-4,CENTRO DE IMAGENES MEDS LIMITADA,83,LAS CONDES,XIII REGION METROPOLITANA,OTRAS ACTIVIDADES DE ATENCION DE LA SALUD HUMANA,alto,"Salud ambulatoria (ICP 3): 'cuánto cuesta', '¿atienden mi isapre?', '¿hay hora para…?' todo el día. OJO — filtro duro del ICP: si ya usa AgendaPro, Reservo o Dentalink con WhatsApp activo, se descarta; el dolor ya está resuelto. Preguntarlo en la llamada.",,,,,,,,baja,
96651680-1,COLLIERS PROSIN S A,83,LAS CONDES,XIII REGION METROPOLITANA,ACTIVIDADES INMOBILIARIAS REALIZADAS A CAMBIO DE UNA RETRIBUCION O POR CONTRATA,alto,"Corretaje (la mejor apuesta según la investigación de nichos): responder en menos de 5 minutos multiplica ~100x la probabilidad de contacto, y la de cierre cae ~50% por cada 30 minutos de demora. El corredor está en visitas la mitad del día. Ticket enorme: una comisión paga años de servicio. Apuntar a corredoras de 1-5 personas, no a las grandes con TI.",,,,,,,,baja,
79864770-9,LUBRICANTES INTERNACIONALES LIMITADA,82,COLINA,XIII REGION METROPOLITANA,"VENTA DE PARTES, PIEZAS Y ACCESORIOS PARA VEHICULOS AUTOMOTORES",alto,"Venta de repuestos: cotización por modelo y año, la misma consulta cien veces al día, con lista de precios propia. Es el perfil de la reunión que ya se consiguió (KTM) y funciona como el ICP 1 (distribuidora que cotiza), no como taller.",,,,,,,,baja,
76033896-6,SERPROEN VINA SPA,81,LAS CONDES,XIII REGION METROPOLITANA,ACTIVIDADES DE MEDICOS Y ODONTOLOGOS,alto,"Salud ambulatoria (ICP 3): 'cuánto cuesta', '¿atienden mi isapre?', '¿hay hora para…?' todo el día. OJO — filtro duro del ICP: si ya usa AgendaPro, Reservo o Dentalink con WhatsApp activo, se descarta; el dolor ya está resuelto. Preguntarlo en la llamada.",,,,,,,,baja,
76086778-0,SOCIEDAD DE SALUD LOS GUINDOS LIMITADA,81,BUIN,XIII REGION METROPOLITANA,ACTIVIDADES DE MEDICOS Y ODONTOLOGOS,alto,"Salud ambulatoria (ICP 3): 'cuánto cuesta', '¿atienden mi isapre?', '¿hay hora para…?' todo el día. OJO — filtro duro del ICP: si ya usa AgendaPro, Reservo o Dentalink con WhatsApp activo, se descarta; el dolor ya está resuelto. Preguntarlo en la llamada.",,,,,,,,baja,
76421185-5,ORGANISMO TECNICO DE CAPACITACION ASOCIACION CHILENA DE SEGURIDAD S.A,81,PROVIDENCIA,XIII REGION METROPOLITANA,OTROS TIPOS DE ENSEÑANZA,alto,"Educación: la temporada de admisión y matrícula concentra cientos de consultas idénticas sobre vacantes, aranceles y documentos.",,,,,,,,baja,
96815130-4,TRUCK TRAILER PARTS SOCIEDAD ANONIMA,81,PUDAHUEL,XIII REGION METROPOLITANA,"VENTA DE PARTES, PIEZAS Y ACCESORIOS PARA VEHICULOS AUTOMOTORES",alto,"Venta de repuestos: cotización por modelo y año, la misma consulta cien veces al día, con lista de precios propia. Es el perfil de la reunión que ya se consiguió (KTM) y funciona como el ICP 1 (distribuidora que cotiza), no como taller.",,,,,,,,baja,
71086700-3,ASOC DE PADRES Y AMIGOS DE LOS AUTISTAS,80,SAN MIGUEL,XIII REGION METROPOLITANA,OTRAS ACTIVIDADES DE ASISTENCIA SOCIAL SIN ALOJAMIENTO,alto,"Alojamiento y arriendo turístico (el #2 de la investigación y el mejor primer win): operan literalmente por WhatsApp, el incumbente es casi nulo y el build es el más simple. Disponibilidad, tarifas y reglas son la conversación entera, y llega a toda hora. Ojo con la estacionalidad: el dolor se siente en verano y Fiestas Patrias.",,,,,,,,baja,
76247993-1,ORGANISMO TECNICO DE CAPACITACION INSTITUTO CHILENO NORTEAMERICANO LIMITADA,80,SANTIAGO,XIII REGION METROPOLITANA,ENSEÑANZA SUPERIOR,alto,"Educación: la temporada de admisión y matrícula concentra cientos de consultas idénticas sobre vacantes, aranceles y documentos.",,,,,,,,baja,
76717691-0,DMOOV SPA,80,LO BARNECHEA,XIII REGION METROPOLITANA,OTROS TIPOS DE ENSEÑANZA,alto,"Educación: la temporada de admisión y matrícula concentra cientos de consultas idénticas sobre vacantes, aranceles y documentos.",,,,,,,,baja,
76945386-5,AUTOMOTORA MELHUISH SPA,80,PENALOLEN,XIII REGION METROPOLITANA,VENTA DE VEHICULOS AUTOMOTORES,alto,"Venta de repuestos: cotización por modelo y año, la misma consulta cien veces al día, con lista de precios propia. Es el perfil de la reunión que ya se consiguió (KTM) y funciona como el ICP 1 (distribuidora que cotiza), no como taller.",,,,,,,,baja,
77126073-K,MONTE CARLO ACADEMY SPA,80,LAS CONDES,XIII REGION METROPOLITANA,OTROS TIPOS DE ENSEÑANZA,alto,"Educación: la temporada de admisión y matrícula concentra cientos de consultas idénticas sobre vacantes, aranceles y documentos.",,,,,,,,baja,
93217000-0,HINO CHILE SA,80,QUILICURA,XIII REGION METROPOLITANA,VENTA DE VEHICULOS AUTOMOTORES,alto,"Venta de repuestos: cotización por modelo y año, la misma consulta cien veces al día, con lista de precios propia. Es el perfil de la reunión que ya se consiguió (KTM) y funciona como el ICP 1 (distribuidora que cotiza), no como taller.",,,,,,,,baja,
96870620-9,HONDA MOTOR DE CHILE S A,80,HUECHURABA,XIII REGION METROPOLITANA,VENTA DE VEHICULOS AUTOMOTORES,alto,"Venta de repuestos: cotización por modelo y año, la misma consulta cien veces al día, con lista de precios propia. Es el perfil de la reunión que ya se consiguió (KTM) y funciona como el ICP 1 (distribuidora que cotiza), no como taller.",,,,,,,,baja,
76425563-1,COMERCIALIZADORA GALMAR LIMITADA,79,SANTIAGO,XIII REGION METROPOLITANA,"VENTA DE PARTES, PIEZAS Y ACCESORIOS PARA VEHICULOS AUTOMOTORES",alto,"Venta de repuestos: cotización por modelo y año, la misma consulta cien veces al día, con lista de precios propia. Es el perfil de la reunión que ya se consiguió (KTM) y funciona como el ICP 1 (distribuidora que cotiza), no como taller.",,,,,,,,baja,
77770430-3,DESARMADURIA COPIAPO Y COMPANIA LIMITADA,79,SANTIAGO,XIII REGION METROPOLITANA,"VENTA DE PARTES, PIEZAS Y ACCESORIOS PARA VEHICULOS AUTOMOTORES",alto,"Venta de repuestos: cotización por modelo y año, la misma consulta cien veces al día, con lista de precios propia. Es el perfil de la reunión que ya se consiguió (KTM) y funciona como el ICP 1 (distribuidora que cotiza), no como taller.",,,,,,,,baja,
86617300-1,IMPORTADORA DE REPUESTOS RACO S A,79,SANTIAGO,XIII REGION METROPOLITANA,VENTA DE VEHICULOS AUTOMOTORES,alto,"Venta de repuestos: cotización por modelo y año, la misma consulta cien veces al día, con lista de precios propia. Es el perfil de la reunión que ya se consiguió (KTM) y funciona como el ICP 1 (distribuidora que cotiza), no como taller.",,,,,,,,baja,
96825800-1,COMERCIAL Y DISTRIBUIDORA BERTONATI S.A.,79,QUILICURA,XIII REGION METROPOLITANA,VENTA DE VEHICULOS AUTOMOTORES,alto,"Venta de repuestos: cotización por modelo y año, la misma consulta cien veces al día, con lista de precios propia. Es el perfil de la reunión que ya se consiguió (KTM) y funciona como el ICP 1 (distribuidora que cotiza), no como taller.",,,,,,,,baja,
96952620-4,TAAG LABS S.A.,79,PUDAHUEL,XIII REGION METROPOLITANA,OTRAS ACTIVIDADES DE ATENCION DE LA SALUD HUMANA,alto,"Salud ambulatoria (ICP 3): 'cuánto cuesta', '¿atienden mi isapre?', '¿hay hora para…?' todo el día. OJO — filtro duro del ICP: si ya usa AgendaPro, Reservo o Dentalink con WhatsApp activo, se descarta; el dolor ya está resuelto. Preguntarlo en la llamada.",,,,,,,,baja,
76453458-1,CENTRO DE LA VISION S.A.,78,LAS CONDES,XIII REGION METROPOLITANA,ACTIVIDADES DE MEDICOS Y ODONTOLOGOS,alto,"Salud ambulatoria (ICP 3): 'cuánto cuesta', '¿atienden mi isapre?', '¿hay hora para…?' todo el día. OJO — filtro duro del ICP: si ya usa AgendaPro, Reservo o Dentalink con WhatsApp activo, se descarta; el dolor ya está resuelto. Preguntarlo en la llamada.",,,,,,,,baja,
76724361-8,SERVICIOS PROFESIONALES ESTÉTICA DIGITAL SPA,78,MACUL,XIII REGION METROPOLITANA,OTRAS ACTIVIDADES DE ATENCION DE LA SALUD HUMANA,alto,"Salud ambulatoria (ICP 3): 'cuánto cuesta', '¿atienden mi isapre?', '¿hay hora para…?' todo el día. OJO — filtro duro del ICP: si ya usa AgendaPro, Reservo o Dentalink con WhatsApp activo, se descarta; el dolor ya está resuelto. Preguntarlo en la llamada.",,,,,,,,baja,
76377424-4,VIDAVISION SA.,77,PROVIDENCIA,XIII REGION METROPOLITANA,ACTIVIDADES DE MEDICOS Y ODONTOLOGOS,alto,"Salud ambulatoria (ICP 3): 'cuánto cuesta', '¿atienden mi isapre?', '¿hay hora para…?' todo el día. OJO — filtro duro del ICP: si ya usa AgendaPro, Reservo o Dentalink con WhatsApp activo, se descarta; el dolor ya está resuelto. Preguntarlo en la llamada.",,,,,,,,baja,
76825048-0,SOCIEDAD DE PROFESIONALES C-DAR SPA,77,VITACURA,XIII REGION METROPOLITANA,OTRAS ACTIVIDADES DE ATENCION DE LA SALUD HUMANA,alto,"Salud ambulatoria (ICP 3): 'cuánto cuesta', '¿atienden mi isapre?', '¿hay hora para…?' todo el día. OJO — filtro duro del ICP: si ya usa AgendaPro, Reservo o Dentalink con WhatsApp activo, se descarta; el dolor ya está resuelto. Preguntarlo en la llamada.",,,,,,,,baja,