rut_completo,razon_social,n_trabajadores,comuna,subrubro,nombre_fantasia,web,tiene_whatsapp_web,canal_contacto,linkedin_empresa,decisor_nombre,decisor_cargo,decisor_linkedin,telefono_publico,google_rating,google_resenas,senal_dolor,confianza,fuente_url,n,prioridad
79589710-0,CARIOLA DIEZ PEREZ COTAPOS  LIMITADA,147,LAS CONDES,OTRAS ACTIVIDADES DE SERVICIOS PERSONALES,Cariola Diez Perez-Cotapos,cariola.cl,no,"Telefono +56 2 2360 4000, correo generico cariola@cariola.cl y formulario con 8 opciones de asunto y 24 areas de practica para elegir. Sin WhatsApp ni chat",https://cl.linkedin.com/company/cariola-d%C3%ADez-p%C3%A9rez-cotapos,Max Correa,Gerente General,,+56 2 2360 4000,,,"El unico formulario del sitio obliga a clasificarse entre 8 asuntos y 24 areas de practica antes de escribir, y no hay WhatsApp: un cliente nuevo entra por un correo generico (cariola@cariola.cl)",media,https://www.df.cl/empresas/entre-codigos/cariola-diez-perez-cotapos-y-sargent-krahn-tienen-nuevo-gerente-general,147,100
99569020-9,CLUB DEPORTIVO PALESTINO S A D P,143,LA CISTERNA,ACTIVIDADES DEPORTIVAS,Palestino,palestino.cl,no,"Formulario de 4 campos con dropdown obligatorio de 7 departamentos, 7 correos distintos publicados por area y un fijo +56 2 2554 8989. Entradas y abonos se derivan a Ticketmaster. Sin WhatsApp",,Diego Hernan Yunis Echenique,Gerente General (desde 01-11-2023),,+56 2 2554 8989,,,Un hincha o abonado con un problema debe elegir entre 7 departamentos en un dropdown y 7 correos distintos; no hay WhatsApp pese a que la venta de abonos y tienda es 100% digital,alta,https://www.cmfchile.cl/institucional/mercados/entidad.php?mercado=V&rut=99569020&grupo=&tipoentidad=RVEMI&row=&vig=VI&control=svs&pestania=47,143,100
76899160-K,SOC EDUCACIONAL CHICUREO SA,146,COLINA,"ENSENANZA PREESCOLAR, PRIMARIA, SECUNDARIA CIENTIFICO HUMANISTA Y TECNICO PROFESIONAL",Colegio Pumahue Chicureo (red Cognita),pumahue.cl/chicureo,no,Un solo telefono central +56 2 2605 9001; la admision se deriva a una landing externa (landing.pumahue.cl/chicureo-admision). No publica correos individuales del equipo directivo ni WhatsApp,,Andrea Correa Albornoz,Rectora Pumahue Chicureo,,+56 2 2605 9001,,,Admision (el momento de venta) se canaliza a una landing externa sin WhatsApp y con un unico fijo; la pagina de equipo lista 5 directivos sin un solo correo de contacto,media,https://www.pumahue.cl/chicureo/equipo/,146,100
72925300-6,CLUB DE GOLF LAS BRISAS DE SANTO DOMINGO,148,SANTO DOMINGO,ACTIVIDADES DEPORTIVAS,Club de Golf Las Brisas de Santo Domingo,https://golflasbrisas.cl,no,"Un solo telefono con anexos (11 Gerencia, 39 Casa Caddie, 38 Tenis, 23 Gimnasio, 13 Piscina), correo gerencia@golflasbrisas.cl y formulario. Otros contactos se entregan en un PDF descargable",,Eduardo Valenzuela Vaillant,Gerente General,,+56 35 242 0042,,,Toda la atencion de socios pasa por un unico numero con 5 anexos y un PDF de 'otros contactos'; el sitio no tiene WhatsApp ni chat,alta,https://golflasbrisas.cl/club/directorio/,148,100
65077320-9,FUND EDUCACIONAL COLEGIO CHAMPAGNAT,143,VILLA ALEMANA,"ENSENANZA PREESCOLAR, PRIMARIA, SECUNDARIA CIENTIFICO HUMANISTA Y TECNICO PROFESIONAL",Colegio Marista Villa Alemana - Champagnat,cch.maristas.cl,no,Formulario de 4 campos + 2 telefonos fijos + correos institucionales por cargo; no hay WhatsApp ni chat,https://cl.linkedin.com/company/colegio-champagnat,Andres Prado Soto,Rector (periodo 2025-2027),,+56 32 2950036 / +56 32 2531494,,,"sin WhatsApp: el contacto publico son 2 fijos y un formulario, y la propia pagina de contacto deriva al 'Encargado de contenidos' y al 'Soporte web' de Maristas Chile en Santiago",alta,https://www.cch.maristas.cl/organizacion/consejo_directivo,143,100
77376960-5,HISTOPATOLOGIA CITOLAB LIMITADA,143,PROVIDENCIA,ACTIVIDADES DE MEDICOS Y ODONTOLOGOS,Citolab - Laboratorio de Histopatologia,citolab.cl,no,Solo formulario de 4 campos (Nombre/Email/Institucion/Mensaje) con reCAPTCHA + correo contacto@citolab.cl + fono (02) 2650 7500; resultados y solicitud de material en dos portales aparte con login,,Arturo Espinoza,Director y fundador de Laboratorio Citolab (anatomo patologo),https://www.linkedin.com/in/dr-arturo-espinoza-565b2638/,+56 2 2650 7500,,,"600+ biopsias diarias y 380 convenios institucionales, pero sin WhatsApp: solo formulario de 4 campos; el campo telefono de la home aun muestra el placeholder '+56 9 1234 5678'",alta,https://www.citolab.cl/es,143,100
96996370-1,SOC EDUCACIONAL SAN MIGUEL ARCANGEL S A,148,LAS CONDES,"ENSEÑANZA PREESCOLAR, PRIMARIA, SECUNDARIA CIENTIFICO HUMANISTA Y TECNICO PROFESIONAL",Colegio San Miguel Arcangel,https://www.sanmiguelarcangel.cl,no,"Solo telefono fijo, un celular y el correo colegio@colegiosma.cl. No hay formulario de contacto ni WhatsApp en el sitio",,Camila Fernandez,Directora de Administracion y Finanzas,,+56 2 2217 2220 / +56 9 8839 0882,,,"Colegio de 148 funcionarios cuya unica via de contacto publicada es un fijo, un celular y el correo colegio@colegiosma.cl; sin WhatsApp ni formulario. Otro contacto util: Pedro Alvarado, Jefe de Operaciones y Soporte",alta,https://www.sanmiguelarcangel.cl/wpsma/equipo-administrativo/,148,100
79844530-8,PRONTOMATIC S.A.,144,HUECHURABA,OTRAS ACTIVIDADES DE SERVICIOS PERSONALES,ProntoMatic,https://www.prontomatic.cl,no,"Dos fijos (+56 2 2799 4026 atencion clientes, +56 2 2799 4000 mesa central), contacto@prontomatic.cl y dos formularios que piden RUT, celular, edificio y numero de tarjeta Paymatic. Sin WhatsApp ni chat",https://www.linkedin.com/company/prontomatic,Veronica Maturana,Gerencia Comercial,,+56 2 2799 4026,,,"17 locales en Santiago (Las Condes, Ñuñoa, Providencia, La Reina, Huechuraba) atendidos por 2 telefonos fijos y formularios que exigen RUT y numero de tarjeta Paymatic antes de responder; cero WhatsApp",alta,https://www.prontomatic.cl/contactanos/,144,100
76363680-1,UNION ESPANOLA S.A.D.P.,130,INDEPENDENCIA,ACTIVIDADES DEPORTIVAS,Union Espanola,unionespanola.cl,no,"Correo contacto@unionespanola.net, dos fijos y un celular (569) 9326 4421 en el pie de pagina; sin WhatsApp ni chat, y la seccion de abonados no ofrece contacto directo",https://cl.linkedin.com/company/ueoficial,Sabino Aguad,Gerente General,,(569) 9326 4421,,,"Los dos telefonos del pie de pagina estan mal escritos en el HTML (tel:+562443579550 y tel:+562443579551, un digito de mas), asi que el clic desde el celular no marca; ademas no hay WhatsApp para socios ni abonados",media,https://www.emol.com/noticias/Deportes/2025/12/01/1184647/sabino-aguad-jorgesegovia-union-descenso.html,130,99
80570200-1,LUKSIC ZUANIC SOCIEDAD ANONIMA,132,SANTIAGO,VENTA AL POR MENOR DE OTROS PRODUCTOS EN COMERCIOS ESPECIALIZADOS,Luksic Zuanic,luksiczuanic.cl,no,"Solo correo por sucursal (luksic@, antofagasta@, concepcion@, copiapo@luksiczuanic.cl) y dos fijos; el item 'Contactenos' del menu esta deshabilitado en el HTML, no lleva a ninguna pagina",https://cl.linkedin.com/company/luksic-zuanic,Yerko Zuanic,Gerente Comercial,https://www.linkedin.com/in/yerko-zuanic-43677016/,(+56 2) 2347 6600,,,"Sitio sin WhatsApp y con el enlace 'Contactenos' comentado en el HTML: la unica via es escribir a uno de los 4 correos por sucursal (casa matriz, Antofagasta, Concepcion, Copiapo)",alta,https://www.linkedin.com/in/yerko-zuanic-43677016/,132,99
76020064-6,NUEVA CLINICA CORDILLERA PRESTACIONES AMBULATORIAS S.A.,135,LAS CONDES,ACTIVIDADES DE MEDICOS Y ODONTOLOGOS,Nueva Clinica Cordillera (red Interclinica),nuevaclinicacordillera.cl,no,"Dos fijos (+56 2 2834 7500 mesa central y 2 2834 7530 horas), sin correo en el sitio (gerencia@nuevaclinicacordillera.cl solo figura en el registro de la Superintendencia) y reclamos derivados a plataforma externa del holding (reclamos2.interclinica.cl)",,Jaime Hagel Cabrera,"Representante legal (registrado en la sociedad hermana Nueva Clinica Cordillera Prestaciones Hospitalizadas S.A., misma clinica)",,+56 2 2834 7500,,,"Sin WhatsApp: dos fijos distintos para la misma clinica y los reclamos derivados a una plataforma externa del holding (reclamos2.interclinica.cl); el unico correo publico (gerencia@) esta en un registro estatal, no en su web",media,https://www.superdesalud.gob.cl/registro/nueva-clinica-cordillera/,135,99
70375900-9,COOP DE SERVICIOS SERMECOOP LTDA,113,SANTIAGO,ACTIVIDADES DE MEDICOS Y ODONTOLOGOS,Sermecoop,sermecoop.cl,no,Un unico 600 655 8000 + sucursal virtual con login (misucursal.sermecoop.cl) + formulario; sin WhatsApp,https://cl.linkedin.com/company/sermecoop-ltda-,Mauricio Carcamo Peschke,Presidente del Consejo de Administracion,,600 655 8000,,,6 sucursales en Chile y un plan complementario de salud canalizados a un unico 600 655 8000 y a una sucursal virtual que exige login; el sitio no publica ningun WhatsApp,media,https://www.sermecoop.cl/nuestra-cooperativa/,113,98
76142730-K,GEMCO GENERAL MACHINERY S.A.,121,PROVIDENCIA,VENTA AL POR MENOR DE OTROS PRODUCTOS EN COMERCIOS ESPECIALIZADOS,GEMCO,gemco.cl,no,"Formulario de 9 campos (nombre, apellidos, email, telefono, compania, region, comuna, linea de negocio, descripcion) + chat en vivo + fono 600; sin WhatsApp",https://cl.linkedin.com/company/gemco-general-machinery-s.a.,Pablo Bartel,Gerente General,,600 006 0990 / +56 9 6603 9721,,,Vende y da postventa de equipamiento medico pero el contacto exige un formulario de 9 campos y un numero 600; el HTML no tiene ningun enlace wa.me ni api.whatsapp.com (solo el boton de compartir de Elementor),media,https://apisag.cl/socios/gemco-general-machinery-s-a/,121,98
96785290-2,CHILEAN TRADING COMPANY S A,124,QUILICURA,VENTA AL POR MENOR DE OTROS ENSERES DOMESTICOS EN COMERCIOS ESPECIALIZADOS,Chilean Trading (marcas Worldpack y Bioely),worldpack.cl,no,Solo un fijo +56 22 656 4077 en worldpack.cl; bioely.cl no publica telefono ni correo y el dominio corporativo chileantrading.cl esta vacio,https://www.linkedin.com/company/chilean-trading,Miguel Angel Perez Garcia,Gerente de Operaciones,https://www.linkedin.com/in/miguel-angel-perez-garcia-43638019/,+56 22 656 4077,,,"El dominio corporativo chileantrading.cl devuelve un 'Index of /' vacio, la marca Worldpack tiene el nombre mal escrito en el titulo del sitio ('wordlpack') y ninguna de las tres marcas del holding ofrece WhatsApp",alta,https://www.linkedin.com/in/miguel-angel-perez-garcia-43638019/,124,98
79748470-9,ELECTRICIDAD GUZMAN S A,113,RENCA,VENTA AL POR MENOR DE OTROS ENSERES DOMESTICOS EN COMERCIOS ESPECIALIZADOS,Guzman (Electricidad Guzman),guzman.cl,no,"3 correos separados (cotiza@, ventaweb@, servicioalcliente@) + 2 fijos (2 2387 1100 y 2 2387 1111) + formulario; sin WhatsApp",https://cl.linkedin.com/company/electricidad-guzman-sa,German Gonzalez Diaz,Gerente Comercial,https://www.linkedin.com/in/german-gonzalez-diaz-b98b1936/,+56 2 2387 1100,,,"Tiene e-commerce y red de tiendas pero reparte al cliente entre 3 correos distintos (cotiza@, ventaweb@, servicioalcliente@guzman.cl) y 2 fijos, y el HTML del sitio no contiene la palabra whatsapp",media,https://www.linkedin.com/in/german-gonzalez-diaz-b98b1936/,113,98
78660200-9,CLINICA OFTALMOLOGICA ISV LIMITADA,119,VINA DEL MAR,ACTIVIDADES DE MEDICOS Y ODONTOLOGOS,Clinica ISV / Red Oftalmologica ISV,clinicaisv.cl,no,"Fono 600 5830 800, agenda online en subdominio aparte (horasweb.clinicaisv.cl) y formulario; sin WhatsApp",https://www.linkedin.com/company/clinica-oftalmologica-isv-limitada,Pablo Munoz,Jefe de Tecnologia y Operaciones TI,,600 5830 800 / +56 32 238 0879 (Montemar),,,"Dos sedes con numeros distintos (600 5830 800 en Vina y 32 2380879 en Montemar) y la reserva de hora en otro subdominio; las unicas apariciones de 'WhatsApp' en el HTML son nombres de archivo de imagenes, no hay enlace de contacto",alta,https://www.clinicaisv.cl/nosotros/,119,98
77410408-9,CLINICA HUINGANAL SPA,103,LO BARNECHEA,ACTIVIDADES DE MEDICOS Y ODONTOLOGOS,Clinica Huinganal,clinicahuinganal.cl,no,Formulario con desplegable de motivo (Clinico / Administrativo) + un unico fijo +56 2 3259 8300 + contacto@clinicahuinganal.cl,https://cl.linkedin.com/company/clinica-huinganal,Freddy Elias Paredes Morales,Gerente de Administracion y Finanzas,,+56 2 3259 8300,,,"clinica quirurgica con 2 sedes (Lo Barnechea y Vitacura) y un solo fijo, sin WhatsApp; promete 'responder en menos de 24 horas' via formulario y la portada aun muestra bloques de prueba titulados 'NOTICIAS OPCION 1 (ESTO SE BORRA)'",media,https://cl.linkedin.com/company/clinica-huinganal,103,97
78334250-2,SUMINISTRO DE REPUESTOS Y ACCESORIOS LM SPA,105,CONCHALI,"VENTA DE PARTES, PIEZAS Y ACCESORIOS PARA VEHICULOS AUTOMOTORES",SURAC (Suministro de Repuestos y Accesorios),surac.cl,no,"Formulario que obliga a elegir sucursal, numero de serie del motor y marca + fono 224146500 + info@surac.cl; ademas un fono y un celular distinto por sucursal y por linea de producto",https://cl.linkedin.com/company/surac,Daniel Rodriguez Martin,Gerente Comercial Mineria Zona Norte,https://www.linkedin.com/in/daniel-rodriguez-martin-203293266/,+56 2 2414 6500,,,la pagina de contacto lista mas de 20 pares fono+celular distintos (8 sucursales x linea de producto) y ningun WhatsApp: el cliente tiene que adivinar a quien llamar,media,https://www.linkedin.com/in/daniel-rodriguez-martin-203293266/,105,97
76108126-8,EQUANS AUTOMATIZACION SPA,150,CERRILLOS,VENTA AL POR MENOR DE OTROS PRODUCTOS EN COMERCIOS ESPECIALIZADOS,Equans Chile,equans.cl,no,"Solo formulario. La pagina /contacto no publica telefono ni correo general; el unico correo visible es postula@equans.com (empleo). Formulario de 7 campos: nombre, email, telefono, empresa, rubro (dropdown), motivo, mensaje",https://www.linkedin.com/company/equans-chile/,Denis Girault,CEO Equans LATAM,,,,,Sitio corporativo sin telefono ni WhatsApp: el unico canal es un formulario de 7 campos que exige nombre de empresa y rubro antes de dejar escribir,media,https://www.equans.cl/nuestras-noticias/denis-girault-nuevo-ceo-para-equans-latam,150,90
88610100-7,EDUARDO DIB H Y CIA LTDA,129,VINA DEL MAR,VENTA AL POR MENOR DE OTROS ENSERES DOMESTICOS EN COMERCIOS ESPECIALIZADOS,DIB (Dib Chile),dib.cl,no,"Solo formulario Shopify en /pages/contact (nombre completo, email, telefono, numero de pedido y mensaje) mas el correo contacto@dib.cl",,Eduardo Dib,Gerente General,https://cl.linkedin.com/in/eduardo-dib-1911962a9,,,,"Tienda online de alfombras, muebles y ropa de cama sin ningun enlace wa.me ni mencion de WhatsApp en todo el sitio: el unico canal es un formulario de 5 campos que pide hasta el numero de pedido",alta,https://cl.linkedin.com/in/eduardo-dib-1911962a9,129,89
76763230-4,LABORATORIO CLINICO Y DE HISTOPATOLOGIA LABOCENTER SA,147,PROVIDENCIA,ACTIVIDADES DE MEDICOS Y ODONTOLOGOS,Labocenter,labocenter.cl,si,"Call center unico (2) 2611 2700, WhatsApp +56 9 9771 6818 y correo call-center@labocenter.cl, los mismos para las 3 sucursales. Agenda dental en dominio externo (softwaredentalink)",,Carlos Gutierrez Camus,Representante legal / Gerente General,https://cl.linkedin.com/in/carlos-gutierrez-92a434196,+56 2 2611 2700,,,"3 sucursales (Providencia, Rancagua y Santiago Centro) comparten un unico call center y un solo WhatsApp, y los resultados se reparten en 3 portales externos distintos (examenes.labocenter.cl, app.dalca.cl y softwaredentalink)",alta,https://www.superdesalud.gob.cl/registro/centro-de-diagnostico-labocenter/,147,70
76412055-8,PASCUAL ATENAS Y COMPANIA LIMITADA,144,MELIPILLA,VENTA AL POR MENOR DE OTROS ENSERES DOMESTICOS EN COMERCIOS ESPECIALIZADOS,Chocalan,chocalan.cl,si,"WhatsApp en dos numeros (wa.me/56233287520 ventas y wa.me/56942238915 sugerencias y reclamos), telefono 22 831 20 20, correo ventas@chocalan.cl, formulario y cotizador online",,Pascual Atenas,Fundador y socio (fundo la empresa en 1987; su esposa Maria Ines se incorporo en 1996),,+56 2 2831 2020,,,"Parte el WhatsApp en dos numeros distintos, uno para vender y otro para 'sugerencias y reclamos', y publica un fijo de Santiago (22 831 20 20) para un local que esta en Melipilla",media,https://www.chocalan.cl/page/4/about-us,144,70
99595100-2,SERVICIO LUCAS DIESEL S A,129,CONCHALI,"VENTA DE PARTES, PIEZAS Y ACCESORIOS PARA VEHICULOS AUTOMOTORES",Lucas Diesel,lucasdiesel.cl,si,"Dos WhatsApp distintos (api.whatsapp.com/send?phone=56939579811 y 56968363649), central +56 2 2651 6000 con seis anexos y varios celulares por sucursal",https://cl.linkedin.com/company/lucas-diesel-sa/,Diego Dittborn,Gerente General,https://www.linkedin.com/in/diego-dittborn-165aa732/,+56 2 2651 6000,,,"Publica dos numeros de WhatsApp distintos y mas de diez telefonos (seis anexos de central mas celulares por sucursal, de Arica a Punta Arenas) sin decir cual es para repuestos y cual para servicio tecnico",alta,https://www.linkedin.com/in/diego-dittborn-165aa732/,129,69
70280800-6,FUNDACION EDUCACIONAL LA MAISONNETTE,142,VITACURA,"ENSENANZA PREESCOLAR, PRIMARIA, SECUNDARIA CIENTIFICO HUMANISTA Y TECNICO PROFESIONAL",Colegio La Maisonnette,lamaisonnette.cl,si,"10+ anexos y correos por area (Asistente de Direccion, Admision, Secretaria de Cuentas, Enfermeria, 3 Inspectorias, Secretaria Academica) + formulario de admision; el WhatsApp existe solo para Admision y va como texto plano, sin enlace ni boton",,Constanza Hutt Hesse,Directora Colegio La Maisonnette,,+56 2 2816 2900,,,"el apoderado debe elegir entre 10+ anexos distintos (3 inspectorias, secretaria de cuentas, enfermeria); el unico WhatsApp (+56 9 2853 1574) es 'solo admision' y esta escrito como texto, sin link clickeable",alta,https://www.lamaisonnette.cl/nuestro-colegio/,142,69
76244189-6,IMALAB S.A.,132,LAS CONDES,OTRAS ACTIVIDADES DE ATENCION DE LA SALUD HUMANA,Imalab,imalab.cl,si,"WhatsApp +56 9 7889 6296, formulario web y tres fijos distintos segun el tramite (horas 2 3293 6800, resultados 2 3293 6849, banco de sangre 2 3293 6842)",https://cl.linkedin.com/company/imalab-s-a,Cristian Moran,Gerente Comercial,https://cl.linkedin.com/in/cristian-moran-725a4a41,+56 2 3293 6800,,,"Tiene WhatsApp pero parte la atencion en tres telefonos distintos segun el tramite (toma de horas, entrega de resultados, banco de sangre) y el call center cierra a las 20:00 y no atiende domingos",alta,https://cl.linkedin.com/in/cristian-moran-725a4a41,132,69
88987500-3,LABORATORIO LIVIO BARNAFI S.A.,136,PROVIDENCIA,OTRAS ACTIVIDADES DE ATENCION DE LA SALUD HUMANA,BKLAB - Laboratorio Barnafi Krause,bklab.cl,nd,nd/telefono - el registro de la Superintendencia de Salud publica el fijo 226633400 y el sitio bklab.cl; no se pudo leer el sitio directamente (certificado SSL invalido en bklab.cl y bklab.info),https://cl.linkedin.com/company/bklab,Andrea Barnafi Krause,Representante legal,,+56 2 2663 3400,,,"Laboratorio de derivacion con al menos 3 dominios paralelos (bklab.cl, bklab.info y lp4.cl) y problemas de certificado SSL; el unico telefono verificable esta en el registro de la Superintendencia de Salud, no en su web",alta,https://www.superdesalud.gob.cl/registro/laboratorio-livio-barnafi/,136,69
76363205-9,CLINICA ENSENADA SPA,138,INDEPENDENCIA,ACTIVIDADES DE HOSPITALES PUBLICOS Y PRIVADOS,Clinica Ensenada,clinicaensenada.cl,si,"WhatsApp con widget Joinchat (api.whatsapp.com/send/?phone=56961578262), mesa central +56 2 2437 3560 y un movil adicional +56 9 6157 9883. Sin correo publicado; reserva de horas en dominio externo (s3.philaxmed.cl)",,Rodolfo Bustos Basili,Gerente General,https://cl.linkedin.com/in/rodolfo-bustos-basili-966a8b24,+56 2 2437 3560,,,"Tres numeros distintos en el mismo sitio (mesa central, un movil y otro WhatsApp), ningun correo publicado y la reserva de horas alojada en un dominio ajeno (s3.philaxmed.cl)",media,https://ellibero.cl/actualidad/habla-el-gerente-de-cuestionada-clinica-en-un-strip-center-cumplimos-con-todas-las-exigencias-establecidas-en-la-normativa-vigente/,138,69
76425459-7,NUCLEO SALUD SPA,138,P AGUIRRE CERDA,ACTIVIDADES DE MEDICOS Y ODONTOLOGOS,Clinica Nucleo Salud,clinicanucleosalud.cl,si,"WhatsApp con widget (api.whatsapp.com/send/?phone=56982266976), dos numeros de call center (+56 2 2899 4481 y +56 2 2988 0900). No publica correo de contacto",,Maria Jose Maturana,Gerenta General de Clinica Nucleo Salud,,+56 2 2899 4481,,,"Publica dos numeros de call center distintos (+56 2 2899 4481 y +56 2 2988 0900) para 3 sedes (Pedro Aguirre Cerda, Valparaiso y Puente Alto) y un unico WhatsApp, sin ningun correo de contacto en el sitio",media,https://www.df.cl/empresas/salud/nucleo-salud-puso-en-marcha-nueva-clinica-en-exhospital-ochagavia-y,138,69
96971110-9,LUREYE ELECTROMECANICA SPA,119,SANTIAGO,"VENTA AL POR MAYOR DE MAQUINARIA, EQUIPO Y MATERIALES",Lureye,lureye.cl,si,WhatsApp (api.whatsapp.com/send?phone=56942564098) + fono unico +56 2 2897 5000 + formulario de 3 campos + chat Tidio + contacto@lureye.cl,https://cl.linkedin.com/company/lureye-chile,Mauricio Rojas,Gerente General,https://cl.linkedin.com/in/mauricio-rojas-30405a1a5,+56 2 2897 5000,,,"Cobertura en 9 ciudades (Iquique a Puerto Montt) atendida con un solo fono central +56 2 2897 5000 compartido entre Ventas y Servicio Tecnico, y un unico WhatsApp movil para toda la operacion",media,https://cl.linkedin.com/in/mauricio-rojas-30405a1a5,119,68
81440500-1,ACO MAQUINARIAS SA,125,SANTIAGO,VENTA AL POR MENOR DE OTROS ENSERES DOMESTICOS EN COMERCIOS ESPECIALIZADOS,ACO Maquinarias,aco.cl,si,"Dos WhatsApp (wa.me/56979580697 junto al bloque VENTAS y wa.me/56944222609), central (+56 2) 2472 4300 con cinco anexos y tienda fisica en Av. Matta 1300",https://cl.linkedin.com/company/aco-maquinarias,Miguel Campos Lopez,Jefe de Ventas,https://cl.linkedin.com/in/campos-miguel-ed,(+56 2) 2472 4300,,,"Publica dos numeros de WhatsApp distintos y cinco anexos telefonicos en la misma pagina sin indicar cual atiende ventas, cual repuestos y cual servicio tecnico; no publica ningun correo de contacto",alta,https://cl.linkedin.com/in/campos-miguel-ed,125,68
76284620-9,INSTRUVALVE SPA,102,LA CISTERNA,"VENTA AL POR MAYOR DE MAQUINARIA, EQUIPO Y MATERIALES",Instruvalve,instruvalve.cl,si,"Enlace wa.me/56975281528 + formulario de 7 campos (exige empresa, telefono y fecha estimada) + 8 ejecutivos con celular y correo propio + 4 telefonos por oficina (Santiago, Concepcion, Antofagasta, Lima)",https://cl.linkedin.com/company/instruvalve,Pedro Nunez,Gerente Comercial,,+56 9 6691 1355 / +56 2 2547 6300,,,publica 8 celulares personales distintos como canal de contacto (uno por gerente/zona) y un formulario que pide fecha estimada de compra antes de responder; el unico WhatsApp del sitio no dice a que area llega,alta,https://www.instruvalve.cl/contacto/,102,67
78893770-9,RGM MALLAS DE ALAMBRE LIMITADA,109,SANTIAGO,VENTA AL POR MENOR DE OTROS ENSERES DOMESTICOS EN COMERCIOS ESPECIALIZADOS,RGM Alambre y Mallas,https://web.rgm.cl,si,"WhatsApp unico (wa.me/56934548843, que es el celular del supervisor de venta telefonica), fijo +56 2 2489 3900, correo contacto@rgm.cl, formulario y una pagina con 9 ejecutivos con celular propio",https://www.linkedin.com/company/rgm-mallas-de-alambre,Jorge Soto F.,Supervisor Venta Telefonica,,+56 2 2489 3900,,,"Publica 9 ejecutivos con 9 celulares distintos (Santiago, Chillan, Temuco) y el unico WhatsApp del sitio es el celular personal del supervisor de venta telefonica (+56 9 3454 8843)",alta,https://web.rgm.cl/acerca-de-rgm-3/equipo-ventas/,109,67
78225660-2,COMERCIAL Y PRODUCTORA DE EVENTOS JEREMIAS SPA,106,VITACURA,"VENTA, MANTENIMIENTO Y REPARACION DE MOTOCICLETAS Y SUS PARTES, PIEZAS Y ACCESORIOS",Procircuit MotoStore,procircuit.cl,si,Widget de chat WhatsApp en el sitio (app Shopify) + fono 600 085 0405 + web@procircuit.cl; ademas celular y correo propio por sucursal,https://cl.linkedin.com/company/procircuit-motostore,Carlos Sosa,Jefe de Sucursal Vitacura (casa matriz),,600 085 0405,,,"3 sucursales cada una con celular y correo distinto (csosa@, vlopez@) mas un 600 central; el unico WhatsApp publicado es el del taller de casa matriz (+569 2093 3570)",media,https://procircuit.cl/pages/nuestras-sucursales,106,67
76603240-0,CONTENEDORES PATAGONIA SPA,149,SAN BERNARDO,"VENTA AL POR MAYOR DE MAQUINARIA, EQUIPO Y MATERIALES",Contenedores Patagonia,containerspatagonia.cl,no,"Telefono fijo unico (+56 2 2528 6556), correo contact@containerspatagonia.cl y formulario web. Sin WhatsApp ni chat en vivo. Horario acotado L-V 08:30-17:00",https://www.linkedin.com/company/conpatagoniacl,,,,+56 2 2528 6556,,,"Vende y arrienda containers a todo Chile con 4 dominios paralelos (containerspatagonia.cl, containerusados.cl, containers-maritimos.cl, modulospatagonia.cl) pero ninguno tiene WhatsApp: un solo fijo de Santiago y un formulario que promete responder 'dentro de 24 horas'",baja,https://containerspatagonia.cl/contacto/,149,60
76173214-5,SOCIEDAD COMERCIAL E INVERSIONES SIERRA BELLA LIMITADA,145,SANTIAGO,ACTIVIDADES DE HOSPITALES PUBLICOS Y PRIVADOS,Clinica Santa Rosa (ex Nueva Clinica Madre e Hijo),clinicasantarosa.cl,no,"Dos fijos distintos (226594400 y 226594300), sin correo publicado, formulario que pide nombre, telefono, email, sucursal y tipo de consulta, y agendamiento en agendamiento.clinicasantarosa.cl:8080",,,,,+56 2 2659 4400,,,Sin WhatsApp ni correo publico: dos fijos distintos y el agendamiento colgando de un puerto no estandar (agendamiento.clinicasantarosa.cl:8080) que muchas redes corporativas y moviles bloquean,baja,https://www.clinicasantarosa.cl/,145,60
83001500-0,IMPORTADORA HELICO LTDA,149,PROVIDENCIA,VENTA AL POR MENOR DE OTROS PRODUCTOS EN COMERCIOS ESPECIALIZADOS,Helico,helico.cl,no,"Telefono distinto por sucursal (Santiago, Antofagasta, Concepcion, Vina), un solo correo servicioalcliente@helico.cl, formulario web y sistema de tickets externo (ticket.helico.cl). Sin WhatsApp ni chat",https://www.linkedin.com/company/helicotrauma/,,,,+56 2 2940 3100,,,"Distribuye implantes de trauma a pabellones en 4 ciudades, cada sucursal con telefono propio y sin WhatsApp; el soporte obliga a abrir un ticket en ticket.helico.cl",baja,https://www.helico.cl/compania/,149,60
77837400-5,SOC COMERCIAL VISION DEPORTES LIMITADA,146,MELIPILLA,VENTA AL POR MAYOR DE ENSERES DOMESTICOS,Vision Deportes,https://visiondeportes.cl,no,"Solo e-commerce. No hay pagina de contacto: el unico telefono y correo publicados estan en la politica de privacidad y son los de su agencia web (dahir@agenciau.cl, +56 9 4254 1022)",,,,,"+56 9 4254 1022 (agencia web, no la tienda)",,,"El unico contacto publicado en todo el sitio es el correo y celular de su agencia web (dahir@agenciau.cl); los iconos de redes sociales apuntan a instagram.com/shopify y tiktok.com/shopify, o sea la plantilla nunca se configuro, y no hay WhatsApp",baja,https://visiondeportes.cl/policies/privacy-policy,146,60
96768160-1,HOTELERA SANTA MAGDALENA S A,145,PROVIDENCIA,ACTIVIDADES DE ALOJAMIENTO PARA ESTANCIAS CORTAS,Four Points by Sheraton Santiago,https://www.marriott.com/en-us/hotels/sclfp-four-points-by-sheraton-santiago/overview/,no,"Telefono del hotel +56 2 2750 0300, fax +56 2 2750 0350 y una linea aparte de eventos (+56 9 8900 7195). Reservas solo por la central Marriott; sin WhatsApp ni chat propio",,,,,+56 2 2750 0300,,,"Hotel de 145 trabajadores sin sitio propio: depende de Marriott.com, publica fax como canal de contacto y no tiene WhatsApp; los eventos se atienden en un celular distinto (+56 9 8900 7195)",baja,https://www.marriott.com/en-us/hotels/sclfp-four-points-by-sheraton-santiago/overview/,145,60
76305620-1,EMBOTELLADORA DE AGUAS JAHUEL S A,145,SANTA MARIA,ACTIVIDADES DE ALOJAMIENTO PARA ESTANCIAS CORTAS,Termas de Jahuel Hotel & Spa,https://jahuel.cl,no,"10 telefonos distintos repartidos en 4 areas (reservas, empresas, hotel, oficinas comerciales), correo reservas@jahuel.cl y un formulario que exige codigo de verificacion. Sin WhatsApp",,,,,+56 2 2411 1720,,,"Publica 10 numeros de telefono distintos en una sola pagina de contacto (5 de reservas, 2 de empresas, 2 del hotel, 1 de oficinas) y ningun WhatsApp; el formulario obliga a resolver un captcha",baja,https://jahuel.cl/es/contacto/,145,60
96544240-5,INVERSIONES LYON PLAZA S A,146,PROVIDENCIA,ACTIVIDADES DE ALOJAMIENTO PARA ESTANCIAS CORTAS,Park Plaza Hotel Santiago,https://www.parkplaza.cl,no,"Formulario de 5 campos, correo bookings@parkplaza.cl, dos telefonos fijos y dos numeros de fax. Sin WhatsApp ni chat en vivo",,,,,+56 2 2372 4000,,,"Hotel que en 2026 sigue publicando dos numeros de fax (+562 22336668 y +562 22338521) como canal de contacto y ningun WhatsApp: reservas solo por formulario o correo. Vinculo razon social-hotel inferido (Ricardo Lyon 207 + 'Parkplaza Apartment' en Lota 2233, la direccion del SII)",baja,https://www.parkplaza.cl/ubicacion-y-contacto/,146,60
76686235-7,SANASALUD CENTROS MEDICOS S.A.,144,PROVIDENCIA,ACTIVIDADES DE MEDICOS Y ODONTOLOGOS,Sanasalud,https://sanasalud.cl,no,"Un unico numero 600 006 1000 y reserva de hora en el sitio. Sin WhatsApp, sin chat y sin correo de contacto publicado en el sitio",,,,,600 006 1000,,,"Red de centros medicos, dentales y laboratorio en tres regiones (RM, V y VI) con horarios distintos por unidad, atendida por un unico 600 006 1000 y sin WhatsApp ni correo publicado",baja,https://sanasalud.cl/informacion-corporativa/,144,60
85146000-4,IMPORTADORA B S SOCIEDAD ANONIMA,128,VALPARAISO,OTRAS ACTIVIDADES DE VENTA AL POR MAYOR ESPECIALIZADA,Importadora BS (y El Bodegon de la Ceramica),importadorabs.cl,no,"Formulario de 3 campos, mesa central 600 690 3030 e info@importadorabs.cl, mas un listado publico de vendedores por zona y encargados por tienda, cada uno con su propio correo y celular",https://www.linkedin.com/company/importadora-b-s-sociedad-anonima,,,,600 690 3030,,,"La pagina de contacto publica 23 correos y una decena de celulares distintos (un vendedor por region, un encargado por bodega y otro por tienda) y ningun WhatsApp: dos zonas aparecen incluso sin vendedor asignado",baja,https://www.importadorabs.cl/contacto.php,128,59
80211900-3,COLEGIO CALASANZ,141,NUNOA,"ENSENANZA PREESCOLAR, PRIMARIA, SECUNDARIA CIENTIFICO HUMANISTA Y TECNICO PROFESIONAL",Colegio Calasanz Nunoa (Escuelas Pias / Escolapios),calasanz.cl,no,"4 areas separadas (Recepcion, Secretaria, Administracion, Admision), cada una con 2 fijos y un celular distinto, mas un correo @escolapios.cl por area. Sin formulario ni WhatsApp",,,,,+56 2 2810 2600,,,el sitio es un Google Sites servido por http:// sin certificado (https falla) y con pie '2023'; publica 8 numeros distintos repartidos en 4 areas y ningun enlace de WhatsApp,baja,http://calasanz.cl/,141,59
76069804-0,HOTEL MANQUEHUE PUERTO MONTT SPA,139,PUERTO MONTT,ACTIVIDADES DE ALOJAMIENTO PARA ESTANCIAS CORTAS,"ex Hotel Manquehue Puerto Montt, hoy Courtyard by Marriott Puerto Montt (Seminario 252)",grupohman.cl,si,"La propiedad ya no tiene sitio propio: hotelmanquehue.cl devuelve 404 de nginx. El dueno (Grupo Hman) atiende por wa.me/56958793510 y contacto@grupohman.cl; las reservas van al portal de Marriott, operado por Metro Hoteles",,Marietta Vanetti,"Jefa de Ventas Hoteleria, Grupo Hman",,,,,"el dominio de la marca, hotelmanquehue.cl, esta caido (404 de nginx) tras el traspaso de la operacion a Metro Hoteles bajo marca Courtyard by Marriott: el huesped que busca 'Hotel Manquehue Puerto Montt' llega a una pagina muerta",alta,https://www.grupohman.cl/equipo,139,59
81371400-0,CORP EDUCACIONAL COLEGIO TERESIANO ENRIQUE DE OSSO,142,LA REINA,"ENSENANZA PREESCOLAR, PRIMARIA, SECUNDARIA CIENTIFICO HUMANISTA Y TECNICO PROFESIONAL",Colegio Teresiano Enrique de Osso (TEO),colegioteo.cl,no,Formulario con desplegable obligatorio de Motivo (Presupuesto / Consultas / Reclamo / Otro) + contacto@colegioteo.cl + un unico fijo,,,,,+56 2 2277 5731,,,"sitio en PHP con 'Copyright 2016' al pie, un solo fijo para todo el colegio y un formulario que obliga a clasificarse como 'Reclamo'; cero WhatsApp",baja,https://colegioteo.cl/contacto.php,142,59
96914240-6,ATTON LAS CONDES SPA,134,LAS CONDES,ACTIVIDADES DE ALOJAMIENTO PARA ESTANCIAS CORTAS,Novotel Santiago Las Condes (ex Hotel Atton Las Condes),all.accor.com/hotel/B469,no,Telefono unico +56 2 2422 7900 y correo de reservas ReservasNLC@accor.com; toda la reserva pasa por el motor ALL/Accor. Sin WhatsApp ni chat propio del hotel,https://cl.linkedin.com/company/novotel-santiago-las-condes,,,,+56 2 2422 7900,,,"Hotel sin WhatsApp: un solo fijo y un correo de reservas de Accor; la marca local Atton desaparecio y attonhoteles.com solo muestra 'Coming Soon', asi que el huesped que busca 'Atton Las Condes' no encuentra donde escribir",baja,https://all.accor.com/hotel/B469/index.es.shtml,134,59
96671320-8,ASSA ABLOY CHILE SPA,131,PUDAHUEL,OTRAS ACTIVIDADES DE VENTA AL POR MAYOR ESPECIALIZADA,ASSA ABLOY Chile (marcas Yale y Poli),assaabloy.cl,no,Correo contacto.chile@assaabloy.com y servicioalcliente.chile@assaabloy.com mas fijo +56 2 2560 9200 publicados en yalechile.cl; assaabloy.cl no tiene pagina de contacto,https://es.linkedin.com/company/assaabloy,,,,+56 2 2560 9200,,,"El sitio corporativo assaabloy.cl no tiene ninguna pagina de contacto (solo deriva a poli.cl, yalechile.cl y bruken.cl); poli.cl tiene instalada la app 'WhatsApp chat button' de Shopify pero con el campo de numero vacio, o sea el boton nunca aparece",baja,https://www.assaabloy.cl/,131,59
95888000-6,DISTRIBUIDORA DIVALCO S.A.,117,EST CENTRAL,"VENTA AL POR MAYOR DE MAQUINARIA, EQUIPO Y MATERIALES",Divalco - Neumaticos y Servicios,divalco.cl,no,"Telefono y correo distinto por sucursal (divalco@, divalco.antof@, divalco_serena@) + formulario; sin WhatsApp",https://cl.linkedin.com/company/distdival,,,,+56 2 2484 0400,,,"3 sucursales (Estacion Central, Antofagasta y Coquimbo) con 2 telefonos y un correo distinto cada una y horarios distintos; el HTML del sitio no tiene ninguna coincidencia de whatsapp",baja,https://www.divalco.cl/contacto/,117,58
82971700-K,IMPORTADORA DE REPUESTOS BRASIL LTDA,122,SANTIAGO,"VENTA DE PARTES, PIEZAS Y ACCESORIOS PARA VEHICULOS AUTOMOTORES",IMBRA,imbra.cl,no,Un unico fijo +56 2 2107000 y un formulario de un solo campo; sin correo publicado. Redes: Instagram @imbraoficial y Facebook,https://cl.linkedin.com/company/importadora-de-repuestos-brasil-ltda,,,,+56 2 2107000,,,"Sitio antiguo con un solo telefono fijo (+56 2 2107000), sin correo ni WhatsApp, y con el catalogo detras de menus JavaScript que no generan URL: el cliente no puede ni enviar el codigo del repuesto que necesita",baja,https://www.imbra.cl/,122,58
76929550-K,REPUESTOS PARA LA MINERIA PARTS SPA,123,PUDAHUEL,VENTA AL POR MENOR DE OTROS PRODUCTOS EN COMERCIOS ESPECIALIZADOS,RPM Parts,rpm.parts,no,Fijo +56 2 3340 6520 y correo contacto@rpm.parts en el sitio (Wix); el unico movil publicado (+56 9 5733 7526) esta en LinkedIn y es de gestion de personas,https://cl.linkedin.com/company/rpmparts,,,,+56 2 3340 6520,,,"Proveedor minero sin WhatsApp: un solo fijo y un correo generico para clientes de faena, mientras el unico celular publicado (+56 9 5733 7526) es de reclutamiento; su ficha de LinkedIn ni siquiera declara sitio web",baja,https://rpm.parts/,123,58
96648090-4,VICTORINOX ANDES S A,113,VITACURA,VENTA AL POR MENOR DE OTROS PRODUCTOS EN COMERCIOS ESPECIALIZADOS,Victorinox Chile,victorinox.com/cl/es (victorinox.cl no responde),no,Correo generico contacto@victorinox.cl y un fijo; el sitio global no ofrece canal local ni WhatsApp,https://www.linkedin.com/company/victorinox,,,,+56 2 2956 4700,,,"El dominio local victorinox.cl no responde y la atencion chilena queda en un correo generico contacto@victorinox.cl mas el sitio global victorinox.com, cuyo HTML no contiene la palabra whatsapp",baja,https://www.direcmin.com/victorinox-andes-s-a/informacion-de-contacto,113,58
78454860-0,MODULAR MINING SYSTEMS INC Y CIA LTDA,116,LAS CONDES,"VENTA AL POR MAYOR DE MAQUINARIA, EQUIPO Y MATERIALES",Modular Mining (Komatsu),modularmining.com,no,Formulario corporativo global (en ingles) + un fijo local; sin canal local en espanol ni WhatsApp,,,,,+56 2 2591 3000,,,"Filial local de Komatsu con 116 trabajadores en Chile cuyo unico canal es el formulario corporativo global de modularmining.com: no hay sitio ni pagina de contacto en espanol, solo el fijo (56) 2 2591 3000",baja,https://www.direcmin.com/modular-mining-systems-inc-y-cia-ltda/informacion-de-contacto,116,58
76073658-9,CENTRO MEDICO PUERTO MONTT SPA,109,PUERTO MONTT,ACTIVIDADES DE MEDICOS Y ODONTOLOGOS,Clinica Puerto Montt (Achs Salud),https://clinicapuertomontt.cl,no,"Un solo telefono (+56 65 248 4800) y un portal de 'Servicios en linea' para reservar hora. Sin WhatsApp, sin chat y sin correo publicado",,,,,+56 65 248 4800,,,"Clinica con urgencia y hospitalizacion que publica un unico fijo y ningun WhatsApp, correo ni chat; toda la reserva depende de un portal web propio. Identificacion por direccion Panamericana 400, coincidente con el registro SII",baja,https://clinicapuertomontt.cl/,109,57
96547180-4,COMERCIAL SPORTEX SPA,104,HUECHURABA,VENTA AL POR MAYOR DE ENSERES DOMESTICOS,"Sportex (licencias Everlast, NGX, Zoo York, American Factory)",sportex.cl,no,"Solo un correo de recepcion (recepcion@sportex.cl) y un fijo. No hay formulario, ni chat, ni WhatsApp, ni correo de ventas",https://cl.linkedin.com/company/sportex-chile,,,,+56 2 2443 1551,,,sitio corporativo integramente en ingles con 'Copyrights 2014 All Rights Reserved' al pie; el unico contacto de toda la empresa es recepcion@sportex.cl pese a tener 14 sucursales registradas en el SII,baja,https://www.sportex.cl/contact.html,104,57
76459852-0,KDOCE SPA,111,SANTIAGO,VENTA AL POR MENOR DE EQUIPO DE INFORMACION Y DE COMUNICACIONES EN COMERCIOS ESPECIALIZADOS,KDOCE Soluciones Educativas,https://kdoce.cl,no,"Formulario web de 8 campos (RBD, nombre, apellido, telefono, cargo, email, comentario) + telefono fijo. Sin WhatsApp ni chat. El formulario principal exige el RBD del colegio antes de responder",https://cl.linkedin.com/company/kdoce-soluciones-educativas,,,,+56 2 2599 4993,,,Unico canal digital es un formulario de 8 campos que exige el RBD del establecimiento; con mas de 5.000 proyectos declarados no publica ningun WhatsApp,baja,https://kdoce.cl/contacto-asesoria-educativa-kdoce/,111,57
78844680-2,COMERCIALIZADORA PROVEPER LIMITADA,103,QUINTA NORMAL,OTRAS ACTIVIDADES DE VENTA AL POR MAYOR ESPECIALIZADA,Proveper,proveper.cl,no,Formulario de contacto + ventas@proveper.cl + fijo +56 2 2663 7600 + una pagina con 8 ejecutivos de venta (la mayoria sin telefono ni correo publicado). Sin WhatsApp,https://cl.linkedin.com/company/proveper,,,,+56 2 2663 7600,,,"la web nunca reemplazo el texto de la plantilla: Mision y Vision dicen 'Far far away, behind the word mountains' y 'Nuestro Equipo' lista a Charlotte Olivia y James Marque (WordPress Dev); el formulario ofrece servicios que no vende (Gestion Contable, Asesoria Tributaria) y en Ejecutivos aparece 'Carolina Lopez' duplicada",baja,https://proveper.cl/ejecutivos-de-ventas/,103,57
76655406-7,XTREME SERVICIOS MAQUINARIAS Y EQUIPOS SPA,146,LAMPA,"VENTA DE PARTES, PIEZAS Y ACCESORIOS PARA VEHICULOS AUTOMOTORES",Xtreme Servicios y Maquinaria,https://xtremeservicios.cl,no,"Solo correo contacto@xtremeservicios.com. El telefono que publica es el marcador de la plantilla, '+56 0 0000 0000'. Sin WhatsApp, sin formulario funcional",,,,,,,,El sitio publica como telefono el placeholder de plantilla '+56 0 0000 0000' y un correo en un dominio .com distinto al del sitio; empresa de 146 trabajadores sin ningun canal de contacto real,baja,https://xtremeservicios.cl/,146,50
85891400-0,IMPORTADORA IMOTO S A,113,SANTIAGO,"VENTA, MANTENIMIENTO Y REPARACION DE MOTOCICLETAS Y SUS PARTES, PIEZAS Y ACCESORIOS",Imoto,imoto.cl,no,"Correo contacto@imoto.cl + chat Drift + formulario; cero WhatsApp en home, contacto y sucursales",,,,,,,,"E-commerce de motos con secciones de postventa, garantias, valores de mantenciones y servicios tecnicos autorizados, y ni un solo enlace wa.me/whatsapp en home, contacto ni sucursales: solo contacto@imoto.cl y un chat Drift",baja,https://www.imoto.cl/contacto/,113,48
76090765-0,COMERCIAL TBC S.A.,119,VITACURA,VENTA AL POR MAYOR DE ENSERES DOMESTICOS,,,nd,nd - no se ubico sitio oficial ni canal de contacto publico,,Fabian Alfonso Bishara Adauy,Socio / accionista,,,,,"119 trabajadores y 2 direcciones operativas (Kennedy 6800 Vitacura y Jorge Alessandri 9243 San Bernardo) sin ningun sitio web, telefono ni canal de contacto publico localizable",media,https://www.portalchile.org/empresa/comercial-tbc-sa-76090765,119,48
78844220-3,COMERCIAL BIGPET SPA,118,LA FLORIDA,VENTA AL POR MENOR DE OTROS PRODUCTOS EN COMERCIOS ESPECIALIZADOS,BigPet,,nd,nd - el dominio bigpet.cl no resuelve; sin canal digital localizado,,Isabel Olga del Carmen Marin Ugas,Socia / accionista,,,,,"Petshop con 118 trabajadores que ademas vende peluqueria, guarderia y paseo de mascotas (servicios que se agendan) y no tiene dominio activo: bigpet.cl no resuelve DNS",media,https://www.portalchile.org/empresa/comercial-bigpet-limitada-78844220,118,48
77626526-8,ROM RETAIL SPA,127,PROVIDENCIA,VENTA AL POR MENOR DE OTROS ENSERES DOMESTICOS EN COMERCIOS ESPECIALIZADOS,,,nd,"No se identifico sitio web, correo ni telefono publico de la sociedad ni de una marca asociada",,Claudio Emilio Carranza Gajardo,Administrador y constituyente de la sociedad,,,,,"23 locales en malls de Arica a Los Angeles (Mall Plaza Antofagasta, Mall Tobalaba, Apoquindo 2730, Vicuna Mackenna 6100) operados por una SpA sin sitio web ni marca publica identificable: el cliente no tiene donde reclamar",media,https://vlex.cl/vid/rom-retail-spa-908639081,127,48
76831870-0,MAKE UP SPA,126,LAS CONDES,VENTA AL POR MENOR DE OTROS PRODUCTOS EN COMERCIOS ESPECIALIZADOS,Makeup (Tiendas Make Up),makeup.cl,no,"Formulario Contact Form 7 (nombre, correo, mensaje) y un correo distinto por cada tienda; no hay telefono unico ni WhatsApp en todo el sitio",,,,,,,,"La pagina de tiendas lista 18 correos distintos, uno por local (mu601-vespucio@, mu602-norte@, mu603-calama@makeupcosmetics.cl...), sin ningun WhatsApp; ademas la sociedad tiene disolucion publicada en el Diario Oficial el 14/05/2026",baja,https://www.makeup.cl/new/tiendas/,126,48
76415589-0,KYOCERA DOCUMENT SOLUTIONS CHILE SPA,118,PROVIDENCIA,"VENTA AL POR MAYOR DE MAQUINARIA, EQUIPO Y MATERIALES",Kyocera Document Solutions Chile,kyoceradocumentsolutions.cl,no,"Solo formularios: 'Solicitar propuesta', 'Solicitar demo' y 'Otro soporte', mas un localizador de distribuidores; la pagina Contactenos no publica telefono ni email",https://www.linkedin.com/company/kyocera-document-solutions-chile,,,,,,,"La pagina Contactenos del sitio chileno no publica ni un telefono ni un email: todo el contacto pasa por 3 formularios distintos y un buscador de distribuidores, y el HTML no contiene la palabra whatsapp",baja,https://www.kyoceradocumentsolutions.cl/es/about-us/contact-us.html,118,48
76607660-2,RAPSODIA  CHILE S.A.,107,LAS CONDES,VENTA AL POR MAYOR DE ENSERES DOMESTICOS,Rapsodia,https://www.rapsodia.cl,no,"Solo formulario de 4 campos (nombre, email, telefono, mensaje). No publica telefono ni correo, y el localizador de tiendas exige compartir la geolocalizacion del navegador",,,,,,,,"No publica ningun telefono ni correo: el unico canal es un formulario de 4 campos que promete responder 'lo antes posible', y para saber el telefono de una tienda hay que entregar la ubicacion del navegador",baja,https://www.rapsodia.cl/contact/,107,47
96961460-K,TRICONOS MINEROS SOCIEDAD ANONIMA,103,LO BARNECHEA,"VENTA AL POR MAYOR DE MAQUINARIA, EQUIPO Y MATERIALES",Triconos Mineros / TM Drilling Solutions,triconosmineros.cl,no,Solo formulario de 5 campos y un correo ofuscado por Cloudflare. No publica ningun numero de telefono,https://www.linkedin.com/company/triconos-mineros-sociedad-anonima/,,,,,,,"proveedor minero que no publica NINGUN telefono en su web: la unica via de contacto es un formulario de 5 campos y un correo ofuscado, y promete responder 'dentro de las proximas horas'",baja,https://www.triconosmineros.cl/contacto/,103,47
99511100-4,HOTELERA SAN FRANCISCO S A,150,SANTIAGO,ACTIVIDADES DE ALOJAMIENTO PARA ESTANCIAS CORTAS,Hotel Plaza San Francisco,plazasanfrancisco.cl,si,WhatsApp (api.whatsapp.com/send?phone=56956089482) + recepcion +56 2 2360 4437 + reservas +56 2 2360 4444 + hotel@ y reservas@ + formulario,,,,,+56 2 2360 4444 (reservas) / +56 2 2360 4437 (recepcion),,,"Tiene WhatsApp pero parte al huesped en 2 telefonos y 2 correos segun si llama a recepcion o a reservas (2 2360 4437 / 2 2360 4444, hotel@ y reservas@plazasanfrancisco.cl)",baja,https://www.plazasanfrancisco.cl/en/contact-location,150,30
78488470-8,LABORATORIO CLINICO CRUZ DEL SUR LIMITADA,149,SANTIAGO,OTRAS ACTIVIDADES DE ATENCION DE LA SALUD HUMANA,CDS Diagnostico,cdsdiagnostico.cl,si,2 numeros de WhatsApp publicados como texto plano (sin enlace clicable) + 3 fonos de call center + fonos propios por sucursal y por resonancia magnetica,,,,,+56 22 671 8526,,,"Publica 7 telefonos distintos (3 de call center, 2 de la sucursal Mall Arauco Estacion, 1 de resonancia) y 2 WhatsApp escritos como texto sin ningun enlace wa.me para hacer clic",baja,https://cdsdiagnostico.cl/,149,30
76006366-5,IMPORTADORA BIOTECH LIMITADA,148,PROVIDENCIA,"VENTA AL POR MAYOR DE MAQUINARIA, EQUIPO Y MATERIALES",Biotech Chile,biotechchile.cl,si,"WhatsApp (api.whatsapp.com/send?phone=56941826229), telefono por sucursal, 3 correos distintos y formulario /contactus. Tambien deriva a linktr.ee para instituciones y a biosertec.cl para servicio tecnico",https://cl.linkedin.com/company/biotech-ltda,,,,+56 2 2720 0700,,,"Tiene WhatsApp pero un solo numero para 3 sucursales y 3 correos separados (ventas@biotechchile.cl, vregion@biotechchile.cl y concepcion@biotechltda.cl, este ultimo en otro dominio); postventa y despacho viven en dominios externos (biosertec.cl, dispatchtrack)",baja,https://www.biotechchile.cl/sucursales,148,30
77084730-3,MARYUN SEGURIDAD INDUSTRIAL SPA,142,PUERTO MONTT,VENTA AL POR MENOR DE OTROS PRODUCTOS EN COMERCIOS ESPECIALIZADOS,Maryun,maryun.cl,nd,"Tienda Shopify con chat en vivo y formulario; un solo fijo publicado (+56 2 2899 3651, Santiago) y correo ecommerce@maryun.cl. En guias telefonicas aparece ademas el (65) 225 8644 de Puerto Montt. No se encontro enlace wa.me en el sitio",https://cl.linkedin.com/company/maryun-seguridad-industrial,,,,+56 2 2899 3651,,,"Declara 8 sucursales en Chile y 35 anos vendiendo EPP a faenas en regiones, pero el sitio publica un solo fijo de Santiago y un correo de 'ecommerce'; no hay enlace wa.me pese a que el comprador tipico esta en terreno",baja,https://maryun.cl/,142,29
79757520-8,INVERSIONES INDUSTRIALES LIMITADA,135,CERRO NAVIA,OTRAS ACTIVIDADES DE VENTA AL POR MAYOR ESPECIALIZADA,Ferromat,ferromat.cl,si,"WhatsApp (wa.link/031z8i, +56 9 8449 9433), fijo 2 2993 6660, formulario, y una pagina con 13 vendedores de terreno, cada uno con celular y correo propio",https://www.linkedin.com/company/inversiones-industriales-limitada,,,,+56 2 2993 6660,,,Publica 13 vendedores con 13 celulares y 13 correos distintos en ferromat.cl/vendedores.php: el cliente tiene que adivinar a quien escribir y no hay un canal unico de entrada,baja,https://www.ferromat.cl/vendedores.php,135,29
96846520-1,SERVICLINICA PRESTACIONES AMBULATORIAS S A,131,LA CALERA,ACTIVIDADES DE MEDICOS Y ODONTOLOGOS,Clinica Los Leones (La Calera),clinicalosleones.cl,si,"WhatsApp +56 9 6302 4554, call center, rescate *7909 y un canal separado de 'RECLAMOS'; las reservas se hacen en seis flujos distintos (consulta, examenes, telemedicina, anular, resultados de laboratorio, resultados de imagenologia)",,,,,+56 33 229 6410,,,"La home obliga a elegir entre seis botones de reserva distintos y manda los reclamos a un canal aparte; el unico WhatsApp (+56 9 6302 4554) tiene que absorber urgencias, horas y resultados de toda la clinica",baja,https://www.doctoralia.cl/clinicas/serviclinica-prestaciones-ambulatorias-s-a,131,29
85541900-9,EDAPI S A,113,NUNOA,VENTA AL POR MENOR DE EQUIPO DE INFORMACION Y DE COMUNICACIONES EN COMERCIOS ESPECIALIZADOS,Edapi Soluciones Tecnologicas,edapi.cl,nd,Fijo +56 2 2375 2600 y correo generico info@edapi.cl; el sitio no fue alcanzable para verificar canales,https://cl.linkedin.com/company/edapi,,,,+56 2 2375 2600,,,Presta servicios TI e infraestructura con mesa de soporte desde 1978 y su unico contacto publico es el fijo +56 2 2375 2600 y el correo generico info@edapi.cl; su sitio no resuelve desde fuera de Chile,baja,https://red-conecta.com/empresa/2705/edapi-sa,113,28
76891050-2,COMERCIAL UYUSTOOLS CHILE SA,117,HUECHURABA,OTRAS ACTIVIDADES DE VENTA AL POR MAYOR ESPECIALIZADA,Uyustools Chile,uyustools.cl (no responde),nd,Solo un fijo publicado en directorios de terceros; el sitio propio no carga,https://cl.linkedin.com/company/uyustoolschile,,,,+56 2 2624 6531,,,Su sitio uyustools.cl no carga (503 / conexion rechazada en agosto 2026) y el unico contacto verificable es un fijo +56 2 2624 6531 listado en directorios mineros de terceros,baja,https://divisionminera.cl/uyustools-chile/,117,28
96532730-4,MICROTEC SPA,124,PUDAHUEL,"VENTA AL POR MAYOR DE MAQUINARIA, EQUIPO Y MATERIALES",MICRO Automacion (Grupo Micro),cl.microautomacion.com,si,"WhatsApp +56 9 9159 9249, fijo +56 2 2595 4600, correos micro@micro.cl y jose.torres@micro.cl, y un formulario que exige email, nombre, empresa, cargo, rubro y pais",https://cl.linkedin.com/company/micro-automaci-n-chile,,,,+56 2 2595 4600,,,"El formulario de contacto pide empresa, cargo, rubro y pais antes de responder, el sitio chileno vive en un subdominio del grupo argentino (cl.microautomacion.com) y la casilla de calidad publicada es @micro.com.ar",baja,https://cl.microautomacion.com/es/contacto/,124,28
76188130-2,MANTENCION Y SERVICIOS LIMITADA,126,SAN BERNARDO,MANTENIMIENTO Y REPARACION DE VEHICULOS AUTOMOTORES,Grupo Nazar (brazo de mantencion de Transportes Nazar),transportesnazar.cl,si,"La sociedad no tiene web, correo ni telefono propios; el sitio del grupo (Transportes Nazar, misma direccion Camino Lo Sierra 2302) tiene boton de WhatsApp +56 9 5415 9077 y un canal de denuncias canaldedenuncias@nazar.cl",https://cl.linkedin.com/company/transportes-nazar/,,,,+56 9 5415 9077,,,"Taller de mantencion de flota del Grupo Nazar (60% de Comercial e Inmobiliaria Nazar Ltda) sin web, correo ni telefono propios: toda consulta externa cae en el WhatsApp corporativo de Transportes Nazar, que es de transporte, no de taller",baja,https://www.portalchile.org/empresa/mantencion-y-servicios-limitada-76188130,126,28
76084969-3,FABRICA DE PUERTAS Y VENTANAS RENOVA-TEK LIMITADA,110,SAN JOAQUIN,OTRAS ACTIVIDADES DE VENTA AL POR MAYOR ESPECIALIZADA,Renovatek Ventanas,https://renovatek.cl,si,"Dos WhatsApp en la portada (+56 9 4962 5234 y +56 9 8479 0060) mas un formulario. No publica telefono fijo ni correo, y la pagina /contacto no repite los WhatsApp",https://www.linkedin.com/company/renovatekventanas,,,,+56 9 4962 5234,,,Dos numeros de WhatsApp distintos en la portada y ninguno en la propia pagina de contacto; no publica telefono fijo ni correo de postventa,baja,https://renovatek.cl/contacto/,110,27
96625950-7,TECNIKA S A,103,PUDAHUEL,VENTA AL POR MAYOR DE ENSERES DOMESTICOS,"Tecnika (marcas steritek, tecnikare, steriderm, venotek)",tecnika.cl,si,"Enlace WhatsApp wa.me/+56926486462 en todas las paginas + 3 correos separados (ventas@, servicio@, info@) + fijo +56 2 2940 4400 + canal de denuncias",,,,,+56 2 2940 4400,,,"tiene WhatsApp pero fragmenta la atencion en 3 buzones distintos (ventas@, servicio@, info@) mas un unico fijo, sin indicar cual usar para postventa de equipamiento",baja,https://tecnika.cl/contacto/,103,27
80537300-8,LARRAIN Y VALDES LTDA,106,SANTIAGO,MANTENIMIENTO Y REPARACION DE VEHICULOS AUTOMOTORES,Autos Larrain y Valdes (concesionario Subaru / DFSK),lyv.cl,si,"Widget WhatsApp multi-agente en la home (3 numeros configurados) + 3 telefonos, uno por sucursal + formulario de 6 campos; no publica ningun correo",,,,,+56 2 2331 2700,,,3 sucursales con 3 telefonos y 3 numeros de WhatsApp distintos (+56954062703 / +56989225832 / +56954062726); la pagina /contacto no muestra el boton de WhatsApp ni un solo correo,baja,https://lyv.cl/contacto/,106,27
96885630-8,MAURICIO HOCHSCHILD INGENIERIA Y SERVICIOS SPA,108,QUILICURA,"VENTA AL POR MAYOR DE MAQUINARIA, EQUIPO Y MATERIALES","MHIS - Hochschild, a DEUTZ Company",https://mhis.cl,si,"WhatsApp corporativo +56 9 2642 2767, mesa central +56 2 2578 2600 y cuatro correos de venta distintos segun sucursal (ventas@, antoventas@, ventasing@, ventas@mhis.com.pe)",,,,,+56 2 2578 2600,,,"Cuatro casillas de venta distintas por sucursal (Santiago, Antofagasta, Concepcion, Lima) y un unico WhatsApp corporativo para toda la postventa industrial; ninguna sucursal publica numero directo de servicio tecnico",baja,https://mhis.cl/sobre-nosotros/,108,27
76001749-3,GRUPO AMOBLÉ SPA,107,SAN BERNARDO,VENTA AL POR MENOR DE OTROS ENSERES DOMESTICOS EN COMERCIOS ESPECIALIZADOS,Amoble,https://amoble.cl,si,"Un mismo WhatsApp (+56 9 4177 1548) para Ventas y para Servicio al Cliente, mas dos correos (hola@amoble.cl y sac@amoble.cl). No hay telefono fijo ni chat",,,,,+56 9 4177 1548,,,"Ventas y servicio al cliente comparten exactamente el mismo WhatsApp (+56 9 4177 1548) pese a tener correos separados, y no publica ningun telefono fijo; el footer sigue con copyright 2024",baja,https://amoble.cl/,107,27
85430500-K,CARTONI Y CARTONI S.A.,110,VINA DEL MAR,VENTA DE VEHICULOS AUTOMOTORES,Automotora Cartoni,https://www.cartoni.cl,si,"WhatsApp (+56 9 9624 4131 y +56 9 6844 2315), numero unico 600 381 2000 y formulario de 7 campos que exige RUT; el formulario obliga a elegir entre Taller / Reclamo a gerencia / Contabilidad",https://cl.linkedin.com/company/cartoni-y-cartoni-s-a-,,,,600 381 2000,,203,"12 sucursales por marca (Toyota, VW, Audi, Cupra, Seat, Skoda, MG, Geely, BYD, JMC, KGM, Seminuevos) detras de un solo 600 y 2 WhatsApp genericos; entre las 203 opiniones publicadas hay reclamos de presupuestos que nunca se enviaron",baja,https://www.cartoni.cl/m/sucursales,110,27
76697880-0,ATTON EL BOSQUE SPA,144,LAS CONDES,ACTIVIDADES DE ALOJAMIENTO PARA ESTANCIAS CORTAS,"Hotel Atton El Bosque (hoy operado como Pullman Santiago El Bosque, marca Accor)",all.accor.com,nd,nd - no tiene sitio propio; reservas y atencion pasan por la plataforma de Accor (all.accor.com) y por OTAs. No se pudo verificar telefono directo del hotel en fuente oficial,,,,,,,,"Perdio su sitio propio al pasar de marca Atton a Pullman/Accor: el huesped que busca 'Atton El Bosque' aterriza en decenas de OTAs y no en un canal del hotel, y no hay WhatsApp ni telefono directo publicado",baja,https://www.centraldereservas.com/hoteles/chile/santiago-de-chile/santiago-de-chile/pullman-santiago-el-bosque-ex-atton,144,20
76089546-6,GABEFAR CHILE SPA,140,SANTIAGO,VENTA AL POR MENOR DE OTROS PRODUCTOS EN COMERCIOS ESPECIALIZADOS,Prune (marroquineria y accesorios),prune.cl,nd,nd - no se pudo leer el sitio (bloquea rastreo). SERNAC registra la marca 'Prune' bajo esta razon social en la categoria 'Vestuario y similares',,,,,,,,"Opera la marca retail Prune pero la razon social no aparece en ningun canal publico: SERNAC es la unica fuente que enlaza 'Gabefar chile spa' con 'prune', asi que el cliente que reclama no sabe a quien le compro",baja,https://www.sernac.cl/portal/619/w3-article-27383.html,140,19
76425126-1,TOSHI SPA,132,HUECHURABA,ACTIVIDADES DEPORTIVAS,Huachipato (Huachipato S.A.D.P. / Huachipato FC),,nd,Unico dato publico es el telefono 41 282 4100 asociado al domicilio CMF en Talcahuano; la oficina tributaria esta en Huechuraba. No se identifico sitio propio vigente,,,,,+56 41 282 4100,,,"El RUT 76.425.126-1 aparece en el Diario Oficial como HUACHIPATO S.A.D.P. y hoy figura ante el SII como TOSHI SpA con oficina en Huechuraba, mientras el telefono publicado sigue siendo el de Talcahuano: dos domicilios, dos nombres y ningun canal de hincha",baja,https://www.portalchile.org/empresa/toshi-spa-76425126,132,19
96885670-7,COMERCIAL INGERSOLL RAND (CHILE) LIMITADA,103,CONCHALI,"VENTA AL POR MAYOR DE MAQUINARIA, EQUIPO Y MATERIALES",Ingersoll Rand Chile,irco.com/es-cl,nd,"Sin sitio ni pagina de contacto local: solo el portal corporativo global de Ingersoll Rand (formulario global, seleccion de pais)",,,,,,,,"filial 100% de Hussmann Netherlands B.V. sin web ni telefono local en Chile: cliente chileno con 3 instalaciones (Conchali, Antofagasta, Hualpen) debe pasar por un formulario corporativo global en ingles",baja,https://www.portalchile.org/empresa/comercial-ingersoll-rand-chile-limitada-96885670,103,17
76102404-3,HAUSTEK S.A.,111,LA PINTANA,OTRAS ACTIVIDADES DE VENTA AL POR MAYOR ESPECIALIZADA,Haustek (La Ventana de Chile / Winhouse Chile),haustek.cl,si,2 numeros de WhatsApp distintos en la misma home (wa.me/+56985570650 y wa.me/56989576498) + un mailto a un correo @gmail.com; sin fono fijo publicado,,,,,,,,"La home publica 2 WhatsApp moviles distintos y el unico mailto del HTML es un correo personal @gmail.com (josefinagaete@gmail.com); ademas la marca esta partida en 3 sitios (haustek.cl, winhouse-chile.cl, somoslaventanadechile.cl)",baja,https://haustek.cl/,111,17
76116569-0,INMOBILIARIA NUEVA APOQUINDO SPA,142,LAS CONDES,ACTIVIDADES DE ALOJAMIENTO PARA ESTANCIAS CORTAS,,,nd,nd - no se identifico marca ni sitio publico bajo esta razon social,,,,,,,,"giro SII 'Actividades de Hoteles' en O'Connell 165, 100% propiedad de Hoteleria de los Andes S.A. (operador Accor en Chile: marcas registradas NOVOTEL, #811 COFFEE & WORK, OLIVIA). No se logro identificar la marca publica del hotel: sin sitio, sin telefono y sin ficha propia. Verificar en terreno antes de llamar",baja,https://www.portalchile.org/empresa/hoteleria-de-los-andes-sa-96870370,142,9
76421171-5,INVERSIONES DEL NORTE LIMITADA,134,SANTIAGO,VENTA AL POR MENOR DE OTROS PRODUCTOS EN COMERCIOS ESPECIALIZADOS,,,nd,"No se identifico sitio web, correo ni telefono publico; la atencion depende del meson de cada local",,,,,,,,"26 locales de joyeria, bisuteria y relojeria registrados en el SII entre Arica y Ovalle (Iquique tiene 4, Calama 3, Antofagasta 4) sin ningun sitio web ni canal digital: cero trazabilidad de la atencion entre tiendas",baja,https://www.portalchile.org/empresa/inversiones-del-norte-limitada-76421171,134,9
76002691-3,LMS CHILE SPA,119,VITACURA,VENTA AL POR MENOR DE OTROS PRODUCTOS EN COMERCIOS ESPECIALIZADOS,,,nd,nd - opera tiendas de marcas de terceros; sin sitio ni canal propio identificado,,,,,,,,16 sucursales de perfumeria/cosmetica/joyeria en Santiago e Iquique operando sin sitio ni canal de contacto propio: es filial 100% de LS Lux Distribution Chile SpA y toda la atencion queda en las marcas que representa,baja,https://www.portalchile.org/empresa/lms-chile-spa-76002691,119,8
79749170-5,SOC ANALISIS QUIMICO CLINICOS LIMITADA,102,VINA DEL MAR,OTRAS ACTIVIDADES DE ATENCION DE LA SALUD HUMANA,,,nd,nd - no se identifico sitio web bajo esta razon social,,,,,,,,"cadena de laboratorio clinico con 22 sucursales registradas en el SII en toda la V Region (Vina, Valparaiso, Villa Alemana, La Calera, Concon) y ninguna marca ni sitio web identificable: paciente que quiere agendar un examen no tiene canal digital unico",baja,https://www.portalchile.org/empresa/soc-analisis-quimico-clinicos-limitada-79749170,102,7
99575470-3,SERVICIOS INDUSTRIALES MINARDI S A,111,LOS ANDES,MANTENIMIENTO Y REPARACION DE VEHICULOS AUTOMOTORES,,,nd,"nd - no se encontro sitio, redes ni telefono publicado",,,,,,,,"Taller de mantencion y reparacion de vehiculos en Los Andes con 111 trabajadores y cero presencia digital: no tiene sitio web, ni redes, ni telefono publicado en directorios abiertos",baja,https://www.chileguia.cl/detalle/servicios-industriales-minardi-s-a-los-andes-830542,111,7
86036500-6,BECKER HERMANOS Y CIA LTDA,109,SANTIAGO,VENTA AL POR MAYOR DE ENSERES DOMESTICOS,La Mundial,,nd,No se encontro sitio web ni telefono publico. Solo local fisico en San Pablo 3112 (Quinta Normal); aparece en SERNAC bajo el nombre de fantasia 'La Mundial',,,,,,,,"Tiene giro registrado de 'venta al por menor por correo, internet y via telefonica' pero no se le encuentra sitio web, correo ni WhatsApp publicos; 109 trabajadores atendiendo solo en mesón",baja,https://www.sernac.cl/portal/619/w3-article-46500.html,109,7
79710740-9,SOPORTE Y PROYECTOS EN COMPUTACION LIMITADA,103,LA REINA,"VENTA AL POR MAYOR DE MAQUINARIA, EQUIPO Y MATERIALES",,,nd,nd - no verificado,,,,,,,,"Razon social sin marca publica confirmada. La sigla y el giro apuntan al grupo SP Digital (retail de computacion), pero SP Digital opera bajo 'Comercializadora SP Digital SpA' RUT 76.799.430 y su sitio bloquea el acceso automatizado (Cloudflare 403). NO llamar preguntando por SP Digital sin verificar antes",baja,https://www.portalchile.org/empresa/soporte-y-proyectos-en-computacion-limitada-79710740,103,7
96532660-K,ADMINISTRADORA PARQUE DEL MAR S A,104,CON CON,OTRAS ACTIVIDADES DE SERVICIOS PERSONALES,Parque del Mar (cementerio parque y servicios funerarios),,nd,nd - no se encontro sitio web activo; parquedelmar.cl no resuelve DNS,,,,,,,,"cementerio parque y funeraria con 104 trabajadores y 3 recintos (C. Internacional 5700 Concon, 6 Norte 655 Vina del Mar, Camino La Polvora 2566 Valparaiso) sin ningun sitio web activo: parquedelmar.cl no resuelve. Un servicio de urgencia 24/7 sin canal digital",baja,https://www.portalchile.org/empresa/administradora-parque-del-mar-s-a-96532660,104,7
76261905-9,CENTRO MEDICO LOS ANDES DE PUERTO MONTT SPA,109,PUERTO MONTT,ACTIVIDADES DE MEDICOS Y ODONTOLOGOS,,,nd,No se encontro sitio web ni telefono publico verificable. Solo existe una cuenta de Instagram (@centromedico.losandes) sin datos de contacto accesibles,,,,,,,,"Centro medico de 109 trabajadores sin sitio web ni telefono publico localizable; el unico rastro digital es una cuenta de Instagram. NO CONFIRMADO: no es la Clinica Andes Salud Puerto Montt (esa esta en Bellavista 123, no 1240)",baja,https://www.portalchile.org/empresa/centro-medico-los-andes-de-puerto-mott-spa-76261905,109,7
76241803-7,SOCIEDAD PRESTADORA DE SERVICIOS DE SALUD DOMICILIARIO Y HOSPITALARIO SA,146,LAS CONDES,OTRAS ACTIVIDADES DE ATENCION DE LA SALUD HUMANA,,,nd,"No se encontro sitio web, marca comercial ni telefono publico. La direccion (Las Tranqueras 283) corresponde a un inmueble sin POI comercial registrado",,,,,,,,"146 trabajadores y cero presencia publica: sin sitio web, sin marca de cara al paciente y sin telefono localizable. REVISAR ANTES DE LLAMAR: podria ser un prestador B2B (subcontrato a clinicas/isapres) sin atencion directa a clientes finales",baja,,146,-20
76480130-K,ICON CHILE LIMITADA,150,LAS CONDES,OTRAS ACTIVIDADES DE ATENCION DE LA SALUD HUMANA,,,nd,"nd - no se encontro sitio, telefono ni correo publico asociado al RUT",,,,,,,,"DESCARTAR: sin identidad comercial publica verificable; giros SII mezclan 'asesoria y consultoria en inversion financiera' con 'servicios de salud prestados por empresas', domiciliada en un edificio de oficinas compartidas (Mariano Sanchez Fontecilla 310), sin canal de atencion a clientes finales",baja,https://www.portalchile.org/empresa/icon-chile-limitada-76480130,150,-90
76318106-5,INMOBILIARIA BALMACEDA SPA,136,LAS CONDES,ACTIVIDADES DE ALOJAMIENTO PARA ESTANCIAS CORTAS,,,nd,"nd - no tiene sitio ni telefono propio; SERNAC la asocia a los hoteles ibis / ibis budget Calama, cuya reserva y atencion pasa integramente por Accor",,,,,,,,DESCARTAR: sociedad inmobiliaria sin marca ni sitio propio; opera hoteles bajo franquicia (SERNAC la lista como 'ibis e ibis budget Calama') y toda la atencion al huesped la controla Accor en all.accor.com,baja,https://www.sernac.cl/portal/619/w3-article-49763.html,136,-91
76530509-8,KARSHARING SPA,135,PROVIDENCIA,VENTA DE VEHICULOS AUTOMOTORES,Awto,,nd,Sin canal activo: la operacion de carsharing cerro y la sociedad figura como 'Karsharing SpA en Liquidacion',,,,,,,,"DESCARTAR: Awto ceso operaciones por falta de financiamiento y la sociedad Karsharing SpA se disolvio; publicacion en el Diario Oficial del 20/03/2026, hoy en liquidacion con comision liquidadora",baja,https://www.df.cl/df-mas/coffee-break/awto-disuelve-su-sociedad,135,-91
76411758-1,TI RED SPA,119,PROVIDENCIA,VENTA AL POR MENOR DE EQUIPO DE INFORMACION Y DE COMUNICACIONES EN COMERCIOS ESPECIALIZADOS,,,nd,"nd - sociedad intragrupo, sin canal de atencion publico",,,,,,,,"DESCARTAR: filial 99,98% de Empresas Red Salud S.A. (0,02% Inversiones La Construccion); sociedad de servicios intragrupo sin marca, sitio ni clientes finales",media,https://www.portalchile.org/empresa/ti-red-spa-76411758,119,-92
